book_id_csv,book_id
10,19161852
19,25899336
25,46164
28,255127
29,28251002
30,23168277
35,133394
37,16130
41,45252
43,43615
49,5526
51,5043
55,8138071
63,27523
64,20821043
66,428263
68,6480781
71,29430012
79,18775365
80,11387515
84,10884
92,22320
100,16981
105,27161156
109,11830394
111,18423
115,159760
119,22543496
123,13588356
126,186074
127,6562380
128,17288661
130,64222
134,27003
138,15839976
144,759945
148,7015635
149,315425
150,6334
152,166997
154,17563539
155,139069
156,18170143
157,10335318
161,22609522
165,18736925
166,68143
171,4866
172,23158207
174,22034
176,22318578
178,24189224
182,15704307
183,22551730
186,22816087
188,92364
189,7562764
192,17333324
195,685401
197,22557272
199,9151181
201,17910054
204,25019
205,102030
206,10872085
207,18144124
209,50365
211,11093329
218,6882
220,21413662
223,18176747
224,21856367
228,18050143
229,16304
230,20897517
232,18667945
233,17855756
234,17306293
235,16158596
236,18214414
245,11012
247,318431
251,17860739
252,20604826
254,1027760
255,17333223
257,5064
259,231850
260,13642
261,17262366
269,7132363
271,460548
273,18774020
277,146274
281,13722902
284,17660462
285,31196
289,77507
290,4948
293,48019
294,6759
295,767171
297,8908
299,61886
300,15803037
301,16160797
307,13526165
310,99219
313,809849
317,16071764
319,15801967
320,6486483
322,3977
325,17212231
328,13588394
329,773858
331,180116
332,13453029
334,11869272
337,45546
338,18765
340,6411016
361,77565
365,6289283
369,11468377
370,13538873
372,13163846
374,6257535
375,92160
376,159178
378,13239822
380,13414676
381,9850443
382,13425570
383,7315573
384,23772
387,12609433
389,24113
400,19321
406,28815
407,10644930
410,8664353
411,7632329
412,8520610
416,10127019
417,9418327
419,3973
423,1852
424,588138
425,10256723
427,10572
428,130580
430,62291
432,295961
433,175675
436,21484
438,370493
439,8127
440,569564
441,3590
442,99107
443,157993
444,862041
446,9969571
449,7148931
450,16286
451,10552338
453,9938498
455,132900
456,831635
458,18116
459,33
460,2998
461,7613
468,29579
475,6101138
476,8689913
477,7141642
484,6496815
486,433567
488,6452796
490,211099
493,7905092
498,18989
499,19000
507,1301
512,6828896
516,6597651
522,164154
524,2429135
528,2054
530,7061
531,7244
534,6732019
535,781787
536,2767052
540,4264
542,6419887
544,2296567
545,6411961
547,5129
550,77431
552,242472
553,24280
554,95420
555,7661
556,6326920
557,54499
561,17780
563,3760
564,3757
565,3759
566,3764
567,15769
569,30597
570,393199
572,6065215
573,6150530
574,77427
575,328854
576,4912857
577,28876
578,47212
582,33600
583,84699
586,48855
588,41804
591,178788
597,16690
598,1232
605,540020
608,77430
609,2213661
610,9854
611,762806
613,136251
614,11275
616,9742
617,78508
619,3228917
620,2054761
621,168642
622,256566
624,76865
627,3109
634,76620
636,1713426
637,472331
638,43944
640,7493
643,514313
646,34497
648,2118114
649,347610
651,38315
660,760110
661,513207
665,216443
666,2845024
668,18512
669,15241
670,34
671,18490
675,8695
677,11
678,24815
679,24818
680,59715
681,24816
683,10883
684,14497
689,77566
691,469571
692,6867
695,361459
697,228560
698,69242
700,10365
702,5548
703,18122
704,119324
706,119322
707,1953
708,10639
710,12467
711,33507
713,125404
714,141565
715,368593
716,7082
718,21704
719,52357
723,760025
724,61329
737,128029
739,960
740,77013
741,37415
742,295
743,7679
745,7682
746,19668
747,19675
748,34993
749,32669
750,32682
753,155981
756,1319
757,24128
758,1622
759,18135
761,350
762,22328
763,97782
764,42407
767,2623
768,5759
772,5907
773,12296
774,668
776,823
784,18646
785,455373
786,2657
787,6310
790,4981
791,12067
792,4865
797,13148
803,256008
804,98233
807,17214
810,11125
817,41716
821,5470
825,38296
826,32349
827,13103
828,30119
833,32542
834,5358
837,18131
839,7624
842,19687
843,19707
844,5720
845,19691
846,19543
847,19494
848,4395
849,7745
853,890
855,2052
856,320
858,4671
859,1898
860,7190
861,5544
862,5107
864,10959
870,8650
871,7672
872,7668
874,7667
875,8648
876,7967
878,771
879,7126
880,3758
882,3876
884,2203
886,5559
890,4099
891,3750
892,2956
896,3559
897,3388
898,662
899,1202
900,3368
901,2748
903,122
904,647
906,2493
907,2615
909,2612
915,2265
916,1067
919,2122
920,816
921,1633
924,865
927,840
929,830
932,117
933,112
935,106
936,105
938,6
939,2
940,50
941,5
943,3
944,1
946,30
947,21
950,30868
951,6259
959,26116430
962,49465
964,12936
965,13481275
966,17333237
968,15881
992,518848
993,37442
994,16793
995,9460487
996,13496
997,100915
998,113436
999,38447
1000,41865
1001,337113
1002,10210
1003,930
1004,7937843
1005,556602
1006,5171
1007,4667024
1008,32234
1009,10441
1010,1618
1011,12232938
1012,1885
1013,77203
1014,3562
1015,3008
1016,78411
1017,2839
1018,334643
1019,47624
1020,9673436
1021,91249
1022,233722
1023,116494
1024,160629
1025,356321
1026,91248
1027,37741
1028,475339
1029,77767
1030,900065
1031,858719
1032,921651
1033,857448
1034,581409
1035,505304
1036,858513
1037,125507
1038,44186
1039,767680
1040,91253
1041,24178
1042,3474186
1043,402014
1044,452306
1045,7763
1046,9328
1047,47401
1048,6952
1049,8573020
1050,137791
1051,228333
1052,6063187
1053,227443
1054,103902
1055,926908
1056,24096
1057,91760
1058,395233
1059,120253
1060,11101772
1061,227570
1062,381102
1063,87640
1064,627206
1065,2865
1066,3086160
1069,17262100
1070,3153910
1072,2187
1074,6948436
1075,8366402
1076,70509
1077,5439
1079,693208
1080,126232
1081,13526026
1084,7093952
1086,9736930
1087,2255
1088,1812457
1090,3015764
1095,4473
1096,4989
1097,2967752
1107,43015
1110,18723
1112,14935
1115,15096
1116,49041
1117,1162543
1119,94669
1120,16235
1121,5826
1123,6185
1125,252577
1126,337615
1129,80566
1130,77163
1133,51114
1134,51113
1135,9503
1136,690866
1137,12555
1139,16948
1141,24724
1143,334176
1153,190115
1154,832543
1155,1427
1157,41193
1159,227571
1163,15904
1164,7035
1165,7036
1166,7058
1167,78433
1168,3805
1183,269746
1186,480479
1188,4407
1189,29
1190,16213
1191,25460
1192,8600
1193,242006
1194,4138
1196,1842
1197,9712
1198,6976
1199,2152
1200,10917
1201,1934
1202,4137
1203,968
1204,3867
1205,1103
1206,14866
1207,49436
1208,6708
1209,235773
1210,19501
1211,43641
1212,37435
1216,12967
1217,4929
1218,4214
1221,11127
1222,33917
1226,14050
1228,15801668
1231,11250053
1233,22628
1234,32075671
1235,29340182
1241,23513349
1242,6469165
1248,23278537
1250,28214365
1251,28449257
1256,68099
1259,17345258
1260,6398634
1262,27071490
1264,297673
1266,736376
1267,25852784
1269,28390369
1271,28763485
1272,30555488
1273,22822858
1275,28815371
1278,24388326
1280,3367956
1282,23492673
1283,16143347
1284,27406704
1289,23604559
1290,11107244
1292,1491906
1294,629
1295,27070127
1296,95186
1297,22749750
1299,25733983
1300,18594409
1302,25664459
1304,25817162
1305,179264
1307,126609
1309,169756
1310,13586707
1312,19486412
1313,15507958
1316,17267
1320,24612118
1321,13642929
1323,6178648
1324,11529868
1325,23848559
1326,25489625
1329,18635113
1330,18467802
1334,15811545
1336,13641208
1339,22738563
1340,43369
1341,6260997
1342,11206
1345,13152287
1347,20910157
1348,16085517
1350,659388
1352,15796700
1354,9572203
1356,18144053
1358,32145
1359,16176440
1363,8086216
1366,18693763
1367,21412360
1368,18143977
1369,18528190
1370,15783514
1371,22232
1372,18316089
1373,4806
1375,9902804
1376,18813642
1377,14280
1381,15852479
1386,7260188
1387,6148028
1389,6457081
1391,6314763
1393,4952
1396,31491
1398,6282334
1400,9160695
1401,6366437
1402,19063
1404,7362158
1405,15823480
1408,2728527
1411,4953
1412,11666
1413,47076
1414,898885
1415,47304
1417,38412
1419,18943
1420,9516
1421,16249
1423,14891
1426,1858013
1430,18079776
1433,8537327
1434,52529
1435,7331435
1436,60931
1439,89763
1441,4957350
1444,6193821
1446,144977
1448,15790842
1449,14568987
1450,13158800
1452,237320
1455,33512
1456,38709
1457,11594337
1458,5310515
1459,11737313
1460,13262061
1461,5941033
1464,16158542
1465,8683812
1467,9303
1468,4965
1469,8706185
1470,6578507
1471,8442457
1472,98048
1473,11870085
1477,6792458
1478,11566956
1479,13152998
1480,3181953
1482,12968662
1483,13602426
1487,11488123
1488,81227
1490,12535
1494,6493208
1495,14249
1496,10032672
1499,30226723
1502,25614492
1504,23437156
1505,24529123
1506,26114135
1507,27276262
1508,18774964
1509,29639736
1510,177515
1511,28187230
1512,23209927
1513,11367726
1514,26247008
1516,5166
1518,25781157
1519,25837341
1523,25644601
1524,13536860
1525,11857408
1526,10818853
1527,20758175
1531,8519822
1532,8458018
1533,6693332
1534,4588949
1535,2402971
1536,17402605
1537,13262783
1539,18816603
1540,24120519
1541,22501028
1542,23174274
1543,24817626
1544,24228353
1546,21853621
1547,23899174
1548,17802747
1549,13281368
1550,25104491
1552,17572903
1553,14061957
1554,14061955
1555,10964
1556,18465657
1557,2761356
1558,21936809
1559,17851885
1560,20819685
1561,19103097
1562,11100431
1563,5886881
1564,10790277
1567,13324841
1568,12930
1570,18428067
1571,10194157
1572,99561
1573,10790290
1574,3636
1575,13642950
1576,386187
1577,16054217
1578,14201
1581,16171291
1588,6690798
1590,7864437
1591,7631105
1594,6186357
1595,18819296
1596,17802724
1597,16181775
1598,15776904
1599,21996
1601,15818107
1602,9361589
1603,18710190
1604,11735983
1605,13335037
1606,7604
1608,6837103
1609,13438524
1610,10776592
1611,256683
1613,11559200
1614,8667848
1616,6218281
1620,6115138
1621,13497818
1622,12758317
1624,12360050
1625,9496240
1626,10964693
1627,6892870
1628,5060378
1631,50833
1632,32071
1633,250729
1638,20454076
1639,17332969
1673,22299763
1676,25454883
1677,24422492
1678,24378015
1693,25005214
1694,23746004
1713,21569527
1714,66559
1717,25526965
1718,22453035
1743,11410430
1783,22895264
1786,22489107
1796,21418013
1812,13056511
1819,17234658
1822,18367581
1827,17331828
1843,20174424
1846,20958632
1857,18892134
1859,18668485
1870,22054340
1911,18163646
1944,17901125
1957,19346451
1958,18966806
1959,18966819
2015,13521399
2049,18966322
2057,17378527
2103,10897866
2114,12908877
2116,18209468
2119,17192373
2121,18089975
2123,17978144
2127,15776309
2141,16279856
2143,22020052
2156,21457243
2157,15711341
2158,17563080
2163,21411887
2164,18053782
2208,18071296
2212,17948485
2214,21849362
2239,21473305
2244,18602341
2259,6609758
2287,16068780
2295,16429619
2321,18593175
2341,5996209
2342,2754510
2344,6916963
2345,5148720
2346,2977487
2347,1316617
2348,235718
2358,17334079
2369,18243700
2402,28260587
2403,18006496
2407,18007535
2433,20613920
2495,18666047
2510,18222699
2512,23766634
2513,17927395
2519,21943246
2520,16070143
2536,7906105
2557,8475505
2565,18693621
2566,18076876
2575,20443207
2576,20443235
2577,16069030
2583,13111733
2584,5091
2585,5093
2586,4978
2587,12341557
2588,5096
2589,34084
2590,5094
2591,20509356
2609,25776210
2610,17562900
2611,13413589
2612,8087906
2613,6587387
2614,3128411
2615,1412138
2616,285205
2617,71811
2657,18775203
2752,18468559
2776,17449197
2785,18079804
2787,20613470
2805,18053060
2806,17950614
2822,18170039
2824,17378508
2861,12291438
2867,15839984
2917,10429025
2953,18528454
2956,17800786
2957,17231976
3042,17455815
3043,17455585
3051,17443673
3052,18301124
3054,4922079
3104,11556960
3110,15777621
3140,5618698
3142,16074758
3175,172764
3304,13138635
3309,13574417
3314,13568619
3350,12924253
3351,9297774
3352,11864728
3353,11765920
3354,7896345
3516,10439703
3517,7778609
3518,5776788
3558,15704486
3559,15704459
3561,9014
3601,10805160
3602,1914973
3603,237209
3615,18331807
3639,16130549
3640,11588
3641,15062217
3652,15729539
3655,11366397
3662,11337912
3663,12988089
3681,30334
3701,17876897
3702,17876893
3706,17860199
3720,17267122
3721,17158596
3748,9917998
3750,7157310
3757,6605625
3776,17262203
3777,46756
3778,6080337
3811,8113940
3871,4800764
3873,1333030
3874,12951824
3875,12099007
3876,10305231
3906,23225
3907,93724
3908,23224
3910,199785
3911,199786
3912,187811
3926,9266793
3927,8428069
3942,18211536
3948,13522957
3963,675614
3974,15858248
3982,8720917
4106,3389671
4111,15791403
4117,11387392
4176,13431827
4275,16704759
4276,16174197
4320,9858714
4358,18080923
4361,18080920
4362,13069935
4370,17607848
4388,17181905
4389,18191814
4391,18813530
4393,17925397
4394,17733861
4395,17255435
4460,7818881
4461,6681333
4462,6178065
4463,2272813
4464,530848
4465,6953500
4467,127459
4468,51428
4469,3682
4472,359410
4473,317282
4477,1656001
4495,2866413
4496,500743
4497,213647
4504,4107256
4506,862350
4507,1541884
4508,11915
4509,125925
4510,11919
4511,125926
4512,11922
4513,11918
4583,2696181
4598,8100979
4599,6659254
4600,5585788
4612,283494
4613,266607
4614,46777
4680,15793231
4689,12989112
4719,6351939
4720,6080889
4722,7059135
4728,1966969
4729,46202
4731,60510
4734,12027429
4735,10445208
4742,3064985
4747,8069828
4748,6342491
4749,7801229
4750,9409469
4751,9918083
4752,6050678
4753,7826116
4761,8811139
4762,8811134
4763,6686101
4764,6686092
4765,5047880
4766,2536134
4767,4374400
4768,8492825
4807,13042154
4841,6421588
4842,6619499
4843,2722413
4844,3054684
4865,13597723
4889,17407233
4904,10433900
4911,6344534
4952,8573642
4980,10970532
4983,17831619
4984,17831614
4985,17831617
4986,16117506
4987,17831616
4988,16102004
4990,7728889
5016,17977710
5034,19501672
5035,17860217
5057,16122034
5060,16081754
5085,7124101
5089,1902241
5097,9975679
5147,16150996
5148,16070018
5149,12368985
5157,7991200
5158,9553503
5163,17342700
5165,16000044
5166,12954620
5186,12753231
5189,13406425
5191,17165932
5192,13326831
5210,7159016
5211,2998814
5235,13206900
5236,13206828
5238,13206760
5239,11235712
5242,10866624
5252,14060046
5256,15768536
5275,9644151
5280,17302495
5281,15990969
5285,15832316
5286,16090981
5287,13312527
5289,12677913
5290,7849341
5291,9662386
5292,9284655
5294,15784909
5295,17835766
5301,13638125
5317,14288998
5343,12743472
5344,125963
5345,456028
5347,125955
5348,125956
5349,4789801
5357,13837
5358,13830
5359,13835
5360,13831
5362,12067972
5363,11262424
5365,17331518
5375,13517455
5377,13514612
5380,15743075
5383,592089
5385,10959277
5386,2880715
5389,3392089
5391,12983100
5394,6393972
5411,493456
5412,24768
5413,24765
5415,186103
5422,16096824
5435,17340050
5436,15717943
5437,13496084
5456,7824322
5463,4502507
5464,4837112
5465,2120932
5466,561456
5467,28186
5492,15835685
5493,15757434
5494,16096514
5497,12792658
5502,16117182
5503,16116760
5505,13376
5523,11806716
5525,8429687
5526,7094569
5537,6368611
5538,6368610
5543,2321296
5545,305234
5546,5152561
5547,10165727
5550,4932435
5560,86737
5584,10626594
5590,17558817
5598,15717721
5602,6600807
5603,8835897
5604,6371117
5618,477338
5630,162086
5644,12680907
5645,6137154
5667,12390650
5668,12458287
5670,15742039
5671,11227040
5672,11227041
5673,12958487
5674,13412515
5675,13448656
5676,12299419
5677,12881141
5678,15752757
5679,13184992
5680,13065142
5681,11227043
5682,9799572
5683,6538757
5684,7405450
5685,10813469
5689,11665750
5690,10813480
5691,13628209
5708,7862725
5709,17233800
5710,13561164
5712,10194514
5720,3678651
5731,16029994
5734,16071767
5735,12922320
5737,9635495
5738,7093222
5739,2199587
5740,21717
5741,5764902
5745,9166877
5757,6587879
5765,12760903
5766,11714997
5767,11051889
5770,16299
5781,7614747
5785,6933152
5786,6611038
5790,2493973
5791,207034
5792,3467
5793,307791
5795,10518110
5796,7954556
5797,10357792
5799,6871617
5800,3570231
5801,5604848
5802,2168860
5803,1421990
5813,9542259
5814,7828882
5815,6289920
5829,16148938
5832,13603717
5833,13178410
5834,12287209
5835,8428195
5851,4070493
5852,17166702
5863,5510384
5864,2241059
5865,7171876
5866,270807
5867,270804
5868,270730
5879,10836728
5884,10169662
5888,9415951
5899,6122735
5900,3754026
5901,3754016
5902,10843036
5903,3227063
5905,7507908
5914,7766027
5916,17317675
5917,16099159
5918,17411703
5919,15799166
5921,16001893
5922,16093188
5923,10596724
5955,15981894
5959,8951449
5962,8564935
5976,2986865
5977,7992995
5978,16150831
5979,16150830
5987,12637490
5995,13369678
5996,12900174
6001,11784281
6008,17314430
6033,7775611
6035,6424184
6036,5941233
6058,11237412
6060,8288246
6061,6087756
6064,7831742
6066,6380822
6081,17449417
6082,17337562
6083,17333880
6084,17029526
6085,16070903
6087,16718083
6088,16113791
6089,7715664
6091,6660747
6092,4701550
6093,4497978
6094,2679633
6104,12663646
6114,7234828
6125,11431896
6126,10816908
6127,10429092
6130,7849034
6131,12995284
6132,9462795
6138,7948945
6139,16061295
6141,9565045
6144,8788554
6145,15813668
6148,11544466
6156,9578590
6158,7747263
6159,7817785
6161,6267237
6162,2753843
6163,106085
6164,872333
6167,12755792
6170,9395215
6171,7198988
6172,7739934
6173,6134826
6174,3975774
6175,6581511
6179,12444298
6180,12444297
6181,12444166
6182,6050298
6183,7304203
6184,2702704
6185,344262
6186,112750
6191,7540092
6192,6043849
6194,2118745
6195,11178225
6204,16131489
6205,16131484
6206,16101128
6216,13618440
6224,10661081
6225,8718952
6226,6339989
6227,6479259
6228,5996153
6229,2802316
6230,2282133
6250,10874177
6251,15723286
6252,16136959
6253,16139641
6254,16134782
6255,16033902
6256,16033906
6257,16033909
6259,11988046
6260,4447622
6261,6319978
6262,7060582
6263,9581001
6264,9815702
6270,13531832
6272,10778410
6273,7646805
6274,6387565
6284,8677937
6285,6696602
6292,6468666
6294,2800905
6295,5391115
6309,10586539
6338,14290364
6339,17235347
6349,12507214
6350,9378297
6353,10799881
6355,9397967
6356,147915
6358,17345242
6360,10664113
6361,13497
6362,768889
6376,16055475
6377,15717876
6378,17255265
6379,16140036
6395,15852756
6396,16001443
6397,16122643
6398,42899
6399,35729
6400,42900
6401,42898
6402,304027
6403,1240662
6404,5153799
6405,7046495
6406,8492319
6407,5098079
6408,10993282
6409,13570854
6410,13372690
6412,16056408
6413,16247792
6414,10140661
6415,13639050
6416,12389310
6418,13638570
6419,13454149
6420,11561469
6421,12812550
6422,12875258
6424,11551045
6425,9915707
6436,9565574
6437,7823038
6446,13600318
6447,15842441
6448,13517535
6451,15745950
6452,11505797
6455,9680114
6456,12522507
6457,9436632
6458,6448470
6460,15820492
6461,10576365
6464,3657138
6465,7124095
6466,1661957
6471,7285498
6475,10929432
6477,13414446
6478,8709528
6479,8709524
6480,9833184
6481,8709526
6482,8709523
6490,10859509
6508,12880428
6522,12558285
6525,5056084
6526,6801582
6527,12846479
6528,6918909
6532,9526658
6533,9376345
6534,10549501
6535,7091713
6536,6289938
6537,7600922
6538,5212771
6539,3558003
6540,2295829
6541,27266
6542,544257
6543,261122
6544,15745371
6545,13416236
6546,8705784
6547,12866426
6548,10800916
6554,8635145
6567,13489518
6568,13070346
6569,11947156
6570,13363270
6578,13170596
6579,12476820
6597,8534899
6608,13502970
6610,13502963
6611,13281637
6612,12925063
6613,13573795
6616,13223520
6620,9439989
6622,10421530
6627,2820533
6629,7827221
6631,6261522
6637,10677277
6638,10215349
6639,13581990
6645,9680718
6646,9761778
6647,9761771
6648,13605727
6649,9897164
6650,13605723
6653,12157365
6672,8843801
6677,12977172
6678,10401084
6681,16175040
6682,13450339
6685,15820748
6688,12614410
6689,16007855
6690,15768191
6691,11808950
6698,6344423
6699,15731779
6700,13596809
6701,13572249
6715,10345937
6716,8235178
6717,10345927
6721,15059301
6726,11861062
6728,10757833
6729,7930335
6730,7842288
6731,11568316
6737,16282066
6738,12706435
6740,13519844
6741,12667194
6744,13623150
6754,7879278
6757,6905534
6758,13417946
6759,11532160
6760,9712492
6761,9064899
6762,8581936
6763,7719245
6766,6457229
6772,8575295
6773,8349348
6774,8046350
6775,8177526
6783,11946245
6784,7201913
6785,6431790
6786,3393124
6787,1829709
6788,13139
6789,33676
6792,15768409
6800,13644055
6801,13644052
6802,13362536
6803,13047090
6804,13183957
6805,12578077
6806,12647642
6807,8204005
6808,15861491
6809,12971616
6810,8659601
6816,544891
6818,9659607
6819,8685612
6821,7747064
6822,8070049
6830,2325825
6831,28195
6832,28194
6835,7129598
6837,4499214
6838,332775
6839,9917945
6840,270805
6847,16096873
6848,16136599
6849,7933615
6850,7933617
6851,8652190
6852,6917952
6853,6262365
6854,4134071
6855,2866718
6856,1326258
6857,676924
6858,9182478
6863,9943270
6865,9565548
6866,11454587
6867,8428064
6868,5287473
6882,8074967
6883,7307503
6884,6582637
6886,3819326
6905,6006518
6909,8130839
6910,7263429
6912,7402393
6914,6527740
6915,8709527
6917,10025305
6927,793399
6955,11602
6956,11570
6957,472343
6958,10589
6959,6320534
6960,10614
6961,8535273
6962,6555517
6963,3432478
6965,7747374
6969,8490112
6970,24770
6971,6644117
6973,13152
6974,30183
6979,10324808
6982,9681214
6987,2169506
6989,7171637
6990,213753
6995,6420846
6996,10637748
7000,3236307
7001,9917938
7002,688191
7005,764347
7006,11500217
7008,28187
7009,7137327
7010,345627
7017,13545075
7018,10193062
7019,11300302
7027,11201007
7043,12513614
7047,8755785
7048,6752378
7049,3777732
7050,1582996
7051,8755776
7057,7896527
7061,13615258
7071,9275658
7087,17934530
7088,341879
7089,4980
7093,20575425
7099,10357575
7103,16002136
7104,17277800
7105,19358975
7106,17131869
7107,29044
7108,349090
7109,19380
7110,7733
7111,59924
7112,22325
7115,18545
7116,16131077
7117,2744
7120,6149
7123,16142053
7124,13330771
7129,23754
7133,47697
7134,2113260
7135,4381
7136,16790
7138,64666
7139,63697
7141,156534
7143,223380
7145,37526
7146,9265453
7147,4703581
7148,13055592
7150,13651
7152,29801
7153,6150
7154,16788
7161,231804
7166,22609310
7168,1282954
7169,92303
7170,5297
7173,7445
7176,10799
7178,80568
7180,3466
7189,18594634
7195,20821614
7197,18302455
7198,15797938
7200,20698530
7201,85418
7202,43930
7203,22571540
7204,43933
7205,28815474
7208,26893819
7210,26200563
7211,29405093
7212,29056083
7213,29868610
7215,23223
7216,93723
7217,93722
7219,29437949
7220,15931
7221,10335308
7222,11614718
7225,5203
7226,659622
7227,659612
7228,226706
7229,226709
7230,43448
7231,6472246
7232,40173
7233,16130307
7235,10047589
7236,15815333
7237,6482837
7238,18373
7239,168668
7240,84981
7241,47281
7246,12982393
7248,13528417
7249,13227454
7273,47701
7275,47720
7276,25104
7277,25103
7278,71252
7279,25106
7280,25102
7281,25101
7282,25100
7283,25099
7284,17061
7296,30919
7297,30933
7298,251688
7299,485894
7300,6514
7301,51496
7308,29034
7311,294951
7315,205476
7316,5517
7317,37793
7318,92517
7319,17250
7320,2696
7321,5296
7322,42607
7323,12220
7325,70401
7329,31122
7332,10975
7333,234225
7335,31250
7336,5797
7337,50398
7338,30118
7339,12873
7340,16331
7341,301082
7342,535441
7343,3684856
7344,144974
7346,33454
7347,21324
7348,21787
7349,28881
7350,706
7351,1617
7352,392297
7354,133765
7355,106069
7356,59716
7357,25807
7358,2050
7359,29999
7360,1848444
7361,102868
7363,56616
7364,30005
7365,28877
7366,94510
7367,59952
7368,59978
7369,23529
7370,2147714
7371,29800
7372,107007
7373,419103
7374,96358
7375,25105
7376,138398
7377,21328
7378,21326
7379,59980
7380,297627
7381,5805
7382,45032
7383,373755
7384,331319
7385,10979
7386,46170
7387,8852
7388,12938
7389,23919
7390,17245
7391,1420
7392,1625
7393,2156
7394,12996
7395,47021
7396,6969
7397,12985
7398,31463
7401,179142
7402,12083
7403,14940
7404,72159
7405,7714
7406,13
7407,426025
7408,157076
7409,89723
7410,373925
7414,185012
7415,92254
7417,251446
7418,150720
7419,1554
7420,391729
7421,12957
7424,531262
7425,11376
7426,3102
7427,53835
7428,3087
7429,6295
7430,412732
7431,332613
7432,18405
7433,156538
7435,26245850
7436,18584855
7452,25494343
7456,8100267
7457,375802
7460,9593913
7461,8525590
7464,17167166
7465,4268157
7466,26074181
7467,22918050
7469,16248068
7473,9593911
7474,13188676
7475,13104080
7476,10507293
7478,8803932
7479,8487363
7483,9413044
7485,7476122
7486,6763961
7487,7740152
7490,10429045
7491,1217100
7492,6304335
7499,6068551
7502,16081272
7504,12751687
7505,10637766
7506,7791997
7507,13049981
7508,11563110
7509,6315602
7510,6339664
7511,7488244
7517,7735333
7518,6487308
7532,20578940
7573,268955
7574,26252859
7575,389627
7576,769483
7577,355917
7601,948526
7609,824734
7655,163363
7663,58728
7664,18111281
7672,315578
7673,375013
7680,206236
7681,23602561
7683,21086818
7684,401876
7685,3591262
7731,57736
7785,18775247
7798,63832
7806,561909
7813,3398625
7846,25422234
7883,452235
7884,5347
7885,1248179
7886,3613997
7887,5352
7888,5360
7889,5356
7890,13573236
7891,1110
7892,5354
7893,5351
7894,5350
7895,5348
7896,5349
7897,24192
7898,32499
7899,5359
7900,1205297
7902,5346
7904,29354916
7905,13154952
7906,25387351
7907,5345
7908,7933437
7909,20707959
7910,5355
7931,408615
7932,14318
7934,7099273
7935,24687
7936,7933292
7937,20821284
7938,42603
7939,7501962
7940,2199
7941,495395
7943,12691
7944,88061
7951,228630
7954,464260
7955,19547856
7956,5306
7959,37732
7961,5508
7962,905382
7963,769212
7964,5509
7967,46676
7968,18460392
7971,662597
7972,439288
7973,248704
7974,12391521
7976,13547180
7977,15622
7978,2547
7980,56495
7981,656
7984,2767
7985,5148
7986,92057
7987,12898
7988,4069
7990,37781
7991,11138
7992,11486
7993,1845
7994,9791
7995,1923820
7996,96647
7997,14362
7998,6442769
7999,5197
8000,16068905
8001,15745753
8010,20696006
8015,3206011
8022,11281852
8037,13214
8039,17888952
8040,1255781
8041,10929
8042,3431
8043,6900
8048,12072362
8049,6361871
8052,6332526
8057,95607
8058,2318271
8063,11600163
8064,9670094
8066,17455541
8070,5128
8074,18166936
8087,13353667
8091,943402
8093,539904
8095,11594257
8099,9628743
8102,11106458
8118,28802599
8120,17235026
8124,116563
8125,21412202
8128,10762469
8129,37426
8130,13507212
8135,8584686
8138,15858
8139,2137
8142,153747
8143,114230
8150,16256
8151,16255
8152,3103
8154,6381205
8172,21327
8173,158988
8174,21330
8175,21325
8176,21329
8177,167010
8181,7579
8183,5161
8199,19581
8208,805023
8215,357
8216,360
8217,365
8218,8698
8219,8694
8223,28940
8225,6407014
8226,760941
8227,595375
8231,165395
8250,153008
8258,9018370
8259,763429
8260,138399
8261,6488483
8262,6145711
8263,4714126
8264,138395
8265,7469664
8266,1085771
8267,138396
8268,30065
8269,1894269
8270,138397
8271,30069
8272,13490570
8273,3217221
8274,9674335
8275,43798
8276,31335
8277,43805
8278,119091
8279,31340
8280,31336
8281,43758
8282,43814
8283,11768
8284,4659
8285,4687
8286,26999
8287,27001
8288,27000
8311,202948
8312,112322
8313,31178
8314,77699
8323,24861
8324,50798
8325,28381
8326,12505
8349,104737
8358,251964
8376,6628
8377,85379
8378,13145
8379,6534
8380,40024
8381,12868761
8382,79790
8383,2145681
8384,227603
8385,1241
8386,32370
8387,15197
8388,61115
8389,6520
8390,3993839
8391,10611
8392,28676
8393,11901
8394,59219
8395,10619
8396,10625
8397,32692
8398,153025
8399,10628
8400,10365343
8401,11597
8402,11573
8403,107291
8405,5413
8406,455764
8407,219535
8408,6572
8409,293101
8410,10592
8411,18342
8412,58027
8413,1078
8414,101299
8418,106134
8419,6120349
8420,6465707
8421,30071
8422,51019
8423,7069
8424,23807
8425,149267
8426,52036
8427,7677
8429,91661
8430,11590
8431,43545
8432,29127
8433,43763
8434,249747
8435,30264
8436,33722
8437,10073
8438,6202342
8439,5187
8440,11899
8441,29059
8442,5176
8443,77554
8444,5205
8445,60792
8446,16735
8447,285092
8448,9301
8449,14748
8450,37470
8451,227711
8452,6839093
8454,25179
8455,10138607
8457,10822174
8458,7202841
8459,7870457
8460,1381
8461,15997
8462,10569
8463,10104
8464,15196
8580,23125266
8600,23346377
8611,25734248
8612,8909152
8645,24044596
8673,27883214
8692,32848471
8693,28016509
8703,77156
8724,33288638
8739,25293695
8756,25644437
8769,31194270
8771,29430013
8787,25937671
8801,18812405
8815,25883848
8842,30253700
8880,29519514
8884,30839185
8890,29519517
8899,29008738
8952,29104680
8989,23355896
9012,25912358
9024,29367958
9038,28678119
9051,25671827
9081,23638955
9082,27821486
9089,23492288
9099,28477789
9107,28262024
9147,6388558
9153,27083865
9306,27152124
9350,25711641
9380,17833099
9423,25828204
9436,25802884
9452,25772000
9482,5082599
9497,27252717
9510,23714532
9605,22522202
9610,23492661
9638,25056528
9640,25564665
9726,18340482
9757,24920901
9791,22892122
9836,16762211
9838,23122175
9839,22611920
9840,24504274
9853,27362503
9859,15793184
9896,23844390
9927,18461986
9957,23545800
9971,23587984
9972,18108281
10010,22431039
10023,13643567
10024,11408650
10026,20819682
10091,22557520
10115,23252517
10126,23355069
10136,23341855
10164,21411058
10232,25111004
10251,22669832
10282,22923997
10296,9961796
10297,9627755
10298,6936382
10312,22857396
10316,21857294
10320,22600903
10363,22843341
10376,22471294
10410,19286623
10449,22717015
10633,20348781
10645,21843117
10669,17936925
10684,18781543
10701,21981841
10715,21956060
10748,21795430
10793,18775297
10801,20980373
10802,20761374
10865,21400356
10880,3863861
10888,17673307
10979,18781540
11051,18110808
11077,17835773
11078,20639274
11160,18138755
11181,18297707
11187,18244799
11200,18680106
11260,18243828
11351,18089551
11427,16299341
11463,17225311
11486,17202452
11487,15748898
11495,18285151
11505,16102880
11515,18221931
11529,17973653
11557,18129852
11560,17930773
11585,18134894
11622,18943009
11658,18134249
11676,17825503
11691,18246727
11697,16152943
11715,83143
11805,17828418
11820,17983690
11848,18080889
11857,18104607
11862,17352874
11863,13624367
11864,12351649
11878,17880714
11879,17880708
11880,17798287
11891,17560674
11905,17798233
11915,17377032
11954,17970255
11972,17325147
11985,17830559
11994,13601550
12042,15739018
12049,15761241
12054,17404452
12055,17286162
12092,17792606
12108,17729712
12110,17788401
12118,17336849
12150,17569860
12151,17190226
12177,17617277
12183,16031679
12184,13614836
12190,16062210
12204,17316075
12221,17257484
12256,17167042
12258,17448960
12269,13323842
12270,13496738
12271,13146214
12272,11479285
12318,61179
12345,17032328
12409,11382346
12410,16079228
12416,12710035
12417,17314410
12418,17156015
12426,8471815
12437,83144
12443,17204860
12444,17200687
12458,17201104
12459,17201110
12461,17201095
12466,17257993
12467,16163690
12481,15993374
12485,16172634
12487,16034964
12490,16109563
12492,15783307
12494,11096647
12505,16299256
12506,16053316
12507,16117804
12508,15828714
12517,7600924
12522,11757975
12527,16140408
12536,16114862
12537,10790516
12545,16042305
12559,16119079
12570,16047244
12572,16151178
12582,26582
12588,16114861
12590,13560262
12591,13345975
12602,9399336
12603,7743783
12607,9442157
12608,15748335
12609,12710106
12612,13649056
12619,15778138
12620,9995135
12622,16041169
12645,16090636
12646,16070521
12661,37338
12670,15762975
12672,13640229
12678,15769463
12679,15704001
12680,6357022
12681,15760001
12684,15762657
12685,13612739
12686,15724654
12690,11381643
12700,13486122
12705,8135807
12706,8379374
12713,36086
12721,68210
12722,60471
12723,140671
12730,338691
12732,25614984
12739,383514
12744,27833670
12745,20912424
12747,27209407
12748,51964
12751,23719378
12753,24611454
12754,85459
12759,83369
12760,1268479
12766,1225261
12767,34268
12785,31374
12786,89717
12787,20168816
12789,15803059
12792,5771014
12795,65112
12796,65110
12797,65111
12799,22929741
12800,297792
12801,324277
12802,23602473
12803,65118
12804,150037
12807,172327
12808,54479
12809,131123
12810,65119
12811,438492
12812,78418
12814,11331421
12822,43945
12823,26236956
12826,9917879
12827,18167006
12831,6553733
12832,3690427
12833,1468706
12835,7433
12836,83083
12837,7432
12842,18652002
12843,462033
12844,20706320
12845,17722973
12846,176327
12848,114144
12851,20170404
12853,139176
12854,11607446
12856,348573
12858,7235533
12863,15937108
12865,24781
12867,12716010
12868,24782
12870,24779
12871,92780
12872,18079683
12873,9369720
12874,24784
12875,12432220
12876,15843166
12877,17182126
12878,22443261
12880,49596
12881,16341
12882,68930
12883,16372
12884,140278
12885,11230081
12887,32638
12889,834378
12892,152380
12894,40440
12903,65605
12905,188230
12906,18209454
12907,31304
12909,402045
12911,5972040
12912,5861926
12913,3552023
12914,2921082
12916,16343
12917,13316328
12918,18668066
12919,31300
12921,192893
12923,6101718
12924,24780
12926,6514074
12927,6224935
12928,7347109
12933,32829
12937,16158558
12939,12216302
12940,11447921
12945,9268487
12948,7090447
12950,206196
12951,8855321
12952,1128178
12953,2767793
12954,243705
12956,68429
12957,6736971
12958,3428935
12962,1215032
12964,10960383
12965,78983
12966,68428
12967,9118135
12968,67035
12969,34897
12970,233649
12971,228665
12972,7108001
12973,22917
12975,592657
12976,5659
12977,236093
12979,68520
12980,8163722
12981,227463
12982,7144
12988,114184
12989,2003767
12991,1999475
12994,32127
12999,12499
13000,407234
13001,2195309
13002,3094593
13005,39988
13006,196613
13007,56034
13008,24213
13017,23168817
13019,7332753
13021,20706284
13024,21480734
13025,13154150
13027,17557913
13033,25698
13039,7815744
13040,2527900
13043,16131032
13046,17333230
13054,17863
13059,49234
13060,475
13062,48484
13064,1371
13074,449
13075,431
13083,11337189
13086,54539
13087,19089
13090,18839
13097,43782
13098,4406
13099,49552
13100,13497991
13101,12007
13102,13642710
13107,570172
13108,55399
13110,91953
13111,18630
13112,2315892
13114,4900
13117,3974
13119,82192
13120,116343
13128,72659
13134,43035
13136,89185
13137,89187
13139,400924
13140,226004
13148,3384
13149,221059
13152,22206
13154,200572
13155,13330370
13161,16396
13163,7937744
13166,456
13168,530965
13169,659469
13174,60211
13175,40992
13176,887877
13178,910863
13181,25955
13184,19400
13185,28862
13186,826845
13187,12617
13189,101869
13190,49628
13191,17349
13194,61535
13195,337116
13197,587638
13198,3985
13200,6931246
13201,68497
13202,2102600
13209,3860977
13213,127455
13214,8935689
13215,12016
13218,835623
13219,3869
13220,6117055
13221,7785194
13223,102439
13224,16703
13225,279561
13226,81992
13227,68494
13228,6288
13229,40445
13230,1137215
13231,77711
13232,12591698
13241,7648269
13251,6049585
13252,20423680
13253,17920175
13254,26435
13255,16240761
13257,69136
13259,25372801
13270,241823
13295,18007564
13296,25837338
13302,22367526
13308,93261
13311,17286958
13312,15985348
13313,10407279
13314,7981206
13315,7091488
13316,2233407
13317,5161066
13318,140075
13319,140079
13320,170210
13321,140077
13322,140082
13325,17674991
13327,21965107
13330,110494
13332,218659
13333,58345
13335,13152194
13336,21412673
13337,23212667
13338,25574782
13341,16054808
13345,22749539
13347,23019294
13350,18692431
13352,29906980
13353,12000020
13358,28449270
13360,7048800
13363,13486632
13364,25893693
13366,18081809
13369,25852870
13371,2159225
13375,20890479
13380,16527
13381,31818
13385,13057939
13387,7979073
13388,15990489
13396,10920
13397,2277378
13398,213233
13399,4477
13400,23602562
13401,93795
13402,93794
13403,352921
13404,414999
13405,135479
13406,51070
13407,6327
13408,71728
13409,511684
13410,6689
13411,32261
13412,9717
13413,355697
13414,8921
13415,41962
13416,41967
13417,41977
13418,5196
13419,6538
13420,759900
13421,5369
13422,60223
13423,803171
13424,18402
13425,191113
13426,75020
13427,89716
13428,80536
13429,10692
13430,10847
13433,222458
13434,75024
13435,6393631
13436,9999107
13437,6609765
13438,15505346
13439,13056159
13440,17349203
13441,15823461
13448,11940384
13452,5326
13453,6643090
13455,15849910
13456,12326627
13457,12326644
13458,7148256
13459,9542439
13460,5971165
13462,25776122
13467,15171
13468,1258121
13469,248596
13470,16052012
13471,7180727
13472,5422154
13474,7262166
13475,4494917
13484,26252659
13485,32501
13488,6340471
13489,2897258
13490,481446
13494,902
13496,214614
13497,44905
13502,10108
13503,10115
13504,25893709
13506,60748
13507,233667
13508,10603
13509,10629
13510,10583
13513,70287
13515,25106926
13516,2241558
13517,16183
13518,252499
13519,16180
13520,16181
13521,3711
13525,25573977
13527,29981261
13530,6606456
13533,4929705
13535,21416690
13536,13872
13537,7354
13539,310612
13541,18293427
13544,83674
13546,5139
13547,9416
13552,2153405
13553,6668467
13555,13525938
13562,10988
13563,5364
13564,2832909
13565,10967
13566,10965
13567,10987
13568,20603820
13570,21518647
13572,11710373
13573,21418017
13574,13634927
13577,16062211
13578,18341046
13581,20874139
13583,17257990
13584,13565914
13589,1963638
13614,216442
13619,513176
13646,77787
13647,9549
13676,270521
13678,110331
13681,31343
13682,84136
13684,43818
13688,15707526
13689,8598554
13690,43886
13691,43884
13692,43893
13693,604803
13694,43887
13695,5038
13696,761732
13697,121127
13699,13890
13700,123543
13705,51497
13709,26581
13710,43808
13714,25190
13715,10617
13796,903
13824,99085
13825,316845
13826,6390031
13827,77378
13828,76104
13834,2637138
13850,1044141
13851,1635
13852,763362
13872,64401
13877,11970747
13880,6911529
13885,232109
13886,91244
13892,183554
13894,356896
13902,324737
13914,13501
13918,7619398
13953,382450
13960,19486421
13961,7779059
13968,8058301
13969,6585201
13971,3475161
13974,927979
13975,91475
13976,91474
13977,17683
13978,99383
13979,91479
13980,91478
13981,91476
13982,91477
13985,568099
13988,47994
13992,586516
13995,43799
13998,56405
13999,8676
14000,206309
14001,44644
14002,1052
14003,1134122
14004,1274
14021,18750
14024,48757
14025,7214
14026,9822
14028,99461
14029,61942
14030,29187
14031,219205
14034,129565
14040,109515
14041,867247
14045,785092
14046,900892
14047,762462
14049,78427
14050,142108
14053,81922
14054,106835
14055,4076
14056,815716
14057,10534
14058,998
14059,69571
14060,81948
14061,4894
14063,11607
14064,13440
14066,1005
14067,36072
14069,356373
14071,214333
14072,365006
14073,44361
14074,214332
14075,175510
14076,33333
14077,107195
14078,567795
14079,79705
14080,228261
14081,11149
14082,25350
14083,29580
14084,29581
14092,66692
14093,68396
14094,66693
14096,66678
14097,66695
14098,50027
14099,91714
14100,26085
14115,25295
14116,534415
14117,92871
14118,260025
14119,93768
14120,23454
14121,68378
14122,68380
14123,259836
14124,14384
14141,36159
14222,905092
14223,31332
14224,31338
14226,15433
14227,99452
14228,96980
14229,76667
14230,76660
14231,76659
14232,96977
14233,15447
14234,76664
14235,76658
14236,253058
14237,43892
14238,234184
14239,43889
14240,13891
14241,35231
14242,13895
14243,9539
14244,92845
14245,15547
14246,15567
14247,189783
14248,15575
14252,3412815
14261,40483
14263,9832370
14297,9876989
14299,281235
14318,6294
14330,739840
14333,351064
14337,7329
14338,349254
14401,121749
14409,192214
14416,1898916
14417,784222
14418,263173
14419,263145
14447,204041
14453,204045
14457,204042
14460,780845
14474,13614
14475,13621
14476,13620
14477,13617
14478,13616
14479,13618
14480,13619
14481,13615
14484,7352220
14485,6867952
14486,6690979
14502,29780253
14504,10079321
14507,25953369
14509,17346698
14511,22522805
14521,27213163
14527,25279165
14536,25814512
14540,30253864
14546,41899
14547,26192646
14549,23398625
14551,6604794
14554,18090147
14558,25242224
14559,23156040
14560,17465515
14561,24820165
14562,18505784
14566,28587957
14568,12700353
14569,15811496
14571,3679
14572,29209
14576,23734628
14578,27209486
14582,15451058
14586,26025580
14587,22237161
14588,6604712
14589,25065629
14590,20697471
14591,25690958
14593,23129410
14594,22151696
14595,25065522
14599,23453112
14603,3722183
14606,23009402
14611,22716447
14619,22934446
14621,13330761
14622,21412400
14624,23887
14627,67
14628,13325079
14631,94672
14632,6905012
14633,77103
14634,9777
14643,11887020
14645,18404427
14646,9500416
14648,12262741
14649,19523454
14651,16071745
14652,18114068
14653,20170296
14654,2195289
14655,18007533
14660,7603
14661,20588698
14662,10996342
14663,17349023
14664,126381
14665,5587960
14668,13320466
14670,46661
14671,20820994
14676,18144115
14677,18693716
14684,85301
14687,5211
14689,10798418
14693,4955
14696,7741325
14697,263050
14698,5664985
14701,18295858
14702,6512154
14706,18749
14707,14836
14708,2437710
14710,13547241
14711,13562049
14713,15781725
14715,178357
14716,17407748
14717,15790837
14720,6080822
14722,22695
14723,16131025
14724,284195
14725,2285777
14726,9503336
14730,13586743
14731,7815
14736,1470232
14737,13167796
14738,6928893
14741,15994634
14742,421549
14746,14756
14747,14758
14749,16044981
14750,836984
14751,276342
14753,217432
14754,3975186
14755,8949352
14758,400
14761,68783
14765,13568322
14769,12888599
14770,12408149
14771,8664368
14772,187020
14773,10846336
14774,1971304
14780,12902549
14781,5198
14785,296662
14787,8564644
14794,16115612
14795,15753740
14799,19057
14804,4588
14805,67238
14806,747746
14811,7723542
14812,1736739
14813,14864
14814,13503109
14815,531989
14816,7726892
14817,712313
14818,6449290
14819,7290826
14820,297135
14821,2485785
14822,1617875
14823,10956
14824,39999
14829,23232
14830,23228
14831,13539044
14832,5960325
14835,28407
14838,71332
14839,366522
14840,12878667
14841,12401556
14842,783291
14843,82970
14844,9279177
14845,10766509
14846,7812659
14847,15926
14848,3063499
14849,6400090
14850,3473
14851,1472878
14852,9758764
14853,7227174
14854,6066819
14855,7114761
14856,2120652
14857,42149
14858,42155
14859,42156
14861,10908
14862,10912
14863,111180
14864,8554005
14865,10915
14866,10913
14867,3720975
14868,1609451
14869,6614960
14870,10916
14871,6567017
14872,49750
14873,13184572
14874,12283261
14875,701738
14876,12022079
14877,12987977
14881,24612624
14889,20575434
14907,17667561
14908,17465470
14917,17347389
14919,16101018
14922,13555073
14926,10551947
14931,15944406
14936,3700085
14937,1524173
14938,2049993
14939,81524
14940,127823
14941,920607
14942,100476
14943,225038
14944,100464
14945,114954
14946,2146957
14947,784911
14948,227865
14949,2179276
14950,262430
14951,113304
14952,37190
14953,248484
14954,2248573
14955,44652
14960,8621462
14973,214856
14974,69392
14979,37186
14980,60400
14981,11254850
14982,8306745
14990,15801381
14995,13623777
15002,287861
15008,6726595
15020,25066591
15022,30065028
15023,11737387
15033,137894
15049,33547
15052,240130
15081,155291
15082,155421
15088,663098
15089,111450
15090,3950967
15091,39662
15092,109901
15097,24876258
15098,30274
15099,15309
15100,30281
15107,6375845
15116,20926278
15126,140091
15131,45020
15133,6344832
15134,140097
15135,140078
15136,58077
15137,6202318
15139,18107951
15141,6954438
15142,11566
15143,10588
15155,20800147
15156,16164271
15157,16248078
15158,13390528
15159,9975779
15160,7096123
15161,5739373
15162,2033217
15163,93796
15164,93793
15165,93799
15166,93802
15167,93801
15168,10574
15169,32416
15170,32418
15172,22416
15185,333867
15186,102953
15187,95406
15188,95431
15189,11574
15190,3134981
15191,22374
15198,13521299
15199,17333277
15200,13097901
15205,59969
15256,37398
15258,1097
15259,12497
15267,21671
15268,21686
15270,185911
15271,32508
15272,104734
15308,18864
15312,10343389
15313,7856305
15314,6266907
15315,1713912
15316,53625
15317,13151
15318,552887
15319,84736
15320,6588
15321,13128
15322,79379
15323,21436
15324,79378
15325,13143
15326,13140
15327,30043
15328,40465
15330,6405929
15331,10605
15332,179780
15333,95819
15334,53022
15335,42038
15336,27494
15355,113946
15356,191139
15357,57605
15358,32929
15359,233093
15360,386421
15361,7788
15362,90072
15363,232576
15364,310259
15365,9266776
15382,337623
15386,31271
15388,763594
15390,31266
15392,31268
15393,573201
15394,31231
15395,31259
15396,7869
15420,8546358
15421,89788
15425,13333093
15427,18906484
15428,92373
15429,34452
15430,341735
15431,1278752
15432,16188
15438,8492768
15439,7274337
15444,133518
15445,12799058
15446,60177
15447,2179832
15448,80660
15449,80534
15450,5899779
15455,425029
15456,8155
15457,12657
15460,7948230
15462,8196732
15463,6280118
15464,15159
15465,98427
15466,10235
15467,40102
15469,3686
15470,77142
15471,2586771
15472,13529
15473,3407877
15474,976
15475,3476
15476,5157
15477,5168
15478,42697
15479,3412
15484,51299
15485,33356
15488,25816688
15499,29394
15500,133664
15501,346087
15502,6316821
15503,2903736
15504,29396
15509,13615414
15517,9533378
15518,12962439
15519,687215
15520,536790
15527,378
15533,30271
15534,30245
15535,30246
15536,30248
15537,190361
15538,30242
15539,30244
15540,30273
15541,30241
15674,7124475
15706,29991719
15743,26224667
15758,25564446
15773,22296542
15936,10599302
15937,7863423
16014,17204568
16042,9403947
16043,12294652
16045,16279715
16061,2020935
16066,16301111
16067,16124019
16092,7202825
16093,8341567
16103,4066312
16111,16101126
16117,11235783
16125,395871
16130,5024334
16134,104379
16135,8492856
16136,4325
16137,816953
16138,9888775
16140,1295102
16141,51738
16142,22205
16143,1672727
16144,51737
16146,12021559
16159,10801027
16167,23128304
16185,92250
16195,17623975
16203,5266667
16204,3697927
16205,183660
16216,857445
16217,766955
16218,3992598
16222,11983940
16226,17728
16238,480204
16241,3213286
16247,9520360
16249,1099301
16254,197084
16257,2954411
16258,2213324
16260,1175893
16265,3112850
16266,402128
16268,444304
16269,46306
16270,775597
16271,159061
16272,401679
16273,770038
16274,786256
16275,293595
16276,759611
16279,9349915
16282,7058405
16283,3478
16285,3609760
16294,3002300
16295,277190
16297,852470
16298,24337
16299,714569
16303,295649
16304,24472
16305,261331
16307,64481
16308,7558747
16309,12384157
16310,7095831
16315,157055
16316,183656
16317,85990
16318,402013
16319,3462
16320,17020
16323,301023
16326,16248113
16337,41918
16339,26228034
16342,18803640
16359,28965131
16364,20525628
16375,10238
16382,2133795
16393,23453099
16417,20342617
16418,95784
16420,20312459
16422,6596
16426,25251757
16429,25489025
16432,23209924
16438,24040551
16443,23512999
16447,69477
16467,31072
16470,10464963
16474,32276
16486,62953
16490,6667514
16502,18656036
16506,3483
16512,23363928
16517,17571564
16524,22609317
16545,23534
16551,20613761
16559,7155145
16560,123063
16564,22642472
16565,18077903
16567,13129925
16570,56465
16572,18339630
16595,28735
16609,4031
16618,57913
16629,13099738
16639,17934655
16645,7334201
16651,32067
16659,10112885
16687,5755
16694,11595276
16704,15811520
16705,954674
16709,446
16713,11381910
16724,113441
16758,771332
16772,1821187
16788,41219
16803,567678
16805,11076177
16817,10149142
16819,10306358
16821,6251222
16825,343
16826,17157
16853,32263
16858,9912994
16879,57891
16899,80570
16911,7237456
16921,6855294
16925,129117
16929,10374
16939,9443405
16948,657034
16962,2526
16973,6065182
16981,4601396
16985,257845
16986,5632446
16992,16424
16996,79257
16997,117833
17006,121648
17008,16316
17009,9844
17010,74462
17015,3289281
17018,215492
17021,21685
17022,3381
17023,16342
17025,9010
17029,33458
17033,33441
17034,33456
17036,1044355
17037,16328
17044,33926
17050,106128
17051,231604
17052,3763
17057,359194
17059,21727
17061,46165
17066,11762
17068,24580
17072,5246
17076,21726
17085,10873
17086,7588
17095,10461
17098,52350
17099,228296
17102,89724
17105,607639
17106,768878
17109,4135
17111,4143
17112,9595
17113,4982
17114,9592
17115,4985
17116,24800
17119,12357
17121,12358
17122,3110
17125,4954
17127,3446
17129,11989
17130,7723
17131,17690
17148,1325218
17159,665
17161,19631
17169,9569
17170,9567
17171,8680
17172,9570
17173,9370
17174,7572
17175,8682
17176,9566
17180,547094
17181,550844
17182,11563
17183,10596
17184,133266
17185,10584
17186,11564
17187,17660
17188,10585
17190,58696
17191,14595
17193,46917
17194,85386
17196,96123
17204,45760
17206,6749
17213,775346
17214,1840511
17216,22285
17217,22288
17218,22290
17219,22284
17221,9555
17222,9833
17224,11298
17225,611298
17227,140302
17228,433035
17231,16335
17232,16312
17233,16326
17234,16297
17235,16363
17236,16305
17237,16322
17239,4009
17240,5113
17242,6748
17248,22055262
17252,2714607
17257,25387202
17260,28077464
17264,23093359
17267,944076
17268,902715
17270,944073
17271,17570538
17272,12652457
17274,68427
17275,12499290
17278,39020
17279,18739426
17285,2715
17288,19536001
17290,216363
17292,28698
17293,795034
17295,2570856
17297,28689
17299,1395209
17300,298568
17301,23664710
17302,20263040
17305,15195
17306,256598
17312,298567
17313,7011403
17314,4703450
17315,45101
17316,45102
17317,45100
17318,45108
17319,45109
17320,68488
17321,45112
17322,68487
17324,17910124
17325,19288321
17326,18693743
17327,21535271
17328,16065004
17330,3147367
17336,6351910
17337,1347837
17338,35430
17340,17262159
17341,13359067
17342,10428708
17343,8357992
17344,6977769
17345,2211221
17346,108942
17354,216422
17355,383028
17356,220968
17357,231562
17358,455941
17359,21745
17360,455930
17361,16141924
17363,1128434
17364,455925
17368,404223
17369,13578175
17370,156530
17372,35982
17375,2890090
17376,9579634
17377,7165405
17378,220970
17379,220969
17380,78129
17382,7165300
17384,91981
17386,59960
17389,7743175
17390,5114
17398,185253
17400,45107
17414,22283
17415,140225
17416,154795
17417,14064
17418,332631
17419,160848
17421,9532
17422,76778
17431,10803121
17439,144127
17440,8253920
17441,1166599
17442,13888
17443,113435
17444,140974
17445,187065
17470,9634967
17471,228200
17472,71823
17473,228198
17474,228194
17475,228199
17476,92227
17477,2906039
17478,10607
17479,10579
17480,13596166
17481,4345290
17487,26891429
17490,61663
17492,28698036
17506,18077752
17507,18077769
17509,19288239
17510,13521459
17511,9300768
17512,6819
17514,16479439
17516,6945530
17517,6723348
17520,2373
17521,43781
17522,268559
17524,32445
17525,32453
17526,236208
17527,32433
17528,32437
17529,21340
17530,32429
17531,32434
17532,21362
17533,15760
17534,64948
17535,14996
17536,32421
17537,15860
17538,83763
17539,19351
17540,196970
17541,420282
17542,21348
17543,2165
17544,11557
17545,34072
17547,5986375
17548,12924261
17557,935308
17560,374233
17561,93436
17562,342445
17563,4004
17564,35519
17565,259538
17566,7670
17568,16902
17569,51893
17571,320700
17572,32767
17574,567704
17575,32424
17576,11286
17578,9532302
17579,144800
17580,17801
17581,11299
17582,2195464
17583,17799
17584,17800
17585,9557
17586,17803
17587,28
17588,26
17589,15015
17590,402843
17591,38210
17592,57854
17593,174703
17594,7669
17595,1168341
17596,123632
17597,92307
17598,8520362
17599,243685
17600,227265
17601,33313
17602,32442
17603,693172
17604,32432
17605,64955
17606,16434
17607,32422
17608,1011632
17609,66655
17610,281433
17611,15676
17612,52640
17613,1857440
17614,21337
17615,32430
17616,32439
17617,103035
17618,32435
17619,52635
17620,160149
17621,36315
17622,14995
17623,32769
17624,813214
17625,10566
17626,32423
17627,7912007
17628,10567
17629,119073
17630,27712
17631,11297
17638,175324
17647,14185
17648,4339
17656,542389
17672,7519640
17673,711901
17674,10058
17676,56759
17678,9589
17679,7332
17680,23814
17686,348
17687,355
17688,841973
17694,12914
17695,76740
17696,19068
17697,30659
17698,487666
17702,149049
17703,95558
17704,250024
17706,4983
17707,22632
17708,30289
17709,12321
17710,76401
17711,22584
17712,353
17713,22590
17714,14817
17715,112537
17716,21611
17717,41821
17718,41069
17719,102327
17720,100365
17721,161156
17722,27323
17723,42389
17724,35220
17725,1305
17726,116114
17728,29923
17729,35100
17730,682804
17731,29925
17732,40395
17735,2807199
17747,253264
17770,470495
17775,23481669
17781,27220736
17783,5983057
17803,815309
17807,17332218
17821,27824826
17855,30852
17866,29072594
17867,88815
17873,31845516
17897,17349222
17915,23341862
17924,29430788
17929,2358737
17932,15827066
17936,99664
17961,25365
17964,105992
17969,23399022
17983,25527908
17984,534255
17985,4836308
17992,193755
17998,22571552
18016,454236
18022,7783191
18026,25332115
18037,1474628
18048,24728470
18049,218357
18053,13258
18060,23719479
18061,22875451
18071,23553419
18072,20893314
18073,31555
18079,24452249
18087,23754479
18095,25152052
18103,15055
18106,17402288
18108,18718848
18119,13540215
18124,12349
18125,23492741
18131,10600242
18132,18594633
18134,13547381
18139,10950924
18140,781110
18143,25228579
18144,22544024
18151,23692271
18153,18114142
18154,1951125
18156,22716194
18158,73965
18178,1432370
18182,7841677
18187,454856
18192,2082136
18194,18213403
18196,22693211
18201,22450859
18210,96884
18211,17237214
18212,11324722
18216,17884042
18232,15833693
18234,2659997
18235,16131193
18238,17704902
18239,18039963
18240,17704903
18247,12449167
18248,6131786
18249,8296140
18256,321577
18259,16138688
18261,13508607
18264,7619057
18269,9219901
18272,17204
18279,171102
18281,10252302
18286,248483
18287,11330361
18288,13125947
18289,12872236
18290,13366259
18291,15851746
18293,13547188
18294,13624688
18295,10870589
18299,15814872
18327,26023
18346,73080
18374,27170141
18450,13489919
18481,105574
18482,7198269
18483,6264710
18484,2948832
18485,1756703
18486,827412
18487,114166
18516,7491418
18528,306364
18530,73070
18532,28078
18533,693016
18537,330721
18538,8449698
18543,425377
18544,114162
18545,384597
18565,50618
18569,10006
18573,98250
18581,182425
18584,18140047
18591,10577
18593,66370
18594,17285330
18596,23341894
18599,23164927
18600,23153154
18602,21393526
18606,18635016
18607,13452375
18615,349473
18617,16435
18618,22910900
18621,11166889
18625,1862313
18631,22635858
18632,22465597
18633,18114057
18634,24445517
18641,4268
18644,18453110
18647,15749186
18650,17565845
18653,13522285
18656,15283043
18658,16130537
18662,23220
18663,16099180
18671,7907803
18674,51504
18676,15793186
18681,11866694
18682,10108463
18694,544424
18696,6931356
18697,41681
18699,14755
18701,32628
18704,10756240
18723,17184
18724,10798416
18725,29547
18737,13154933
18738,13089710
18741,7940591
18742,667
18744,10746542
18745,37743
18747,1869
18765,107032
18767,18310944
18774,38500
18783,15730101
18789,2666
18797,19302
18800,2108198
18805,20980987
18811,38502
18832,6192
18835,52372
18850,2548866
18865,9165406
18868,223462
18869,12033455
18870,176839
18871,12557
18872,306654
18875,6506307
18876,77773
18877,24983
18878,7973
18879,3220405
18880,8647
18881,234724
18882,9534
18883,31360
18886,22649
18887,63461
18889,401514
18890,537375
18891,277397
18893,85448
18894,85443
18895,6135237
18896,16729
18916,37095
18917,108229
18919,13083
18922,82747
18924,9298
18925,9302
18926,165030
18927,82748
18928,9300
18929,1402668
18930,129645
18931,9419
18932,9418
18933,1358844
18934,33724
18935,207687
18936,199782
18937,207684
18938,23217
18939,2068676
18940,23219
18942,4285768
18943,28184
18944,7053
18945,97898
18946,7039
18947,4799
18949,150739
18950,9375
18951,48132
18953,187181
18954,53764
18956,8337
18957,32085
18958,110737
18959,77262
18960,14250
18964,24586590
18987,15161
18991,764073
19006,11437
19020,34504
19024,37034
19025,6589074
19027,351648
19041,13593553
19044,11192642
19048,86655
19054,99315
19058,140963
19059,13006
19060,2175
19061,10990
19063,12875355
19065,188572
19066,487445
19067,5308
19068,4934
19069,76237
19070,136116
19071,77270
19072,13023
19073,24583
19074,18254
19075,117251
19076,284996
19077,546018
19078,111222
19079,6462
19082,676
19083,72223
19084,79885
19085,12658
19086,42933
19087,11713
19088,1918305
19095,48328
19096,321552
19097,96702
19103,19469
19137,263147
19139,3130430
19145,818811
19278,8456124
19280,6609490
19281,395875
19282,1169808
19283,6934395
19284,3665811
19285,395851
19286,3099780
19287,7100490
19288,6441509
19289,395922
19290,3934321
19291,6780439
19292,11401915
19293,1895792
19294,7726143
19295,3099787
19296,2985500
19297,3575676
19298,4502877
19329,22428828
19340,16303287
19341,18335634
19345,84351
19351,12588363
19377,421129
19384,6871616
19387,1611656
19389,38529
19390,3373198
19391,1928873
19392,84146
19393,8088
19394,84135
19395,84139
19396,263179
19397,84133
19398,14383
19399,84142
19400,84144
19401,28866
19402,1388813
19403,715791
19404,6547187
19405,84151
19406,84140
19408,84145
19409,704043
19410,2299110
19412,17333319
19416,13477676
19419,29236299
19424,26245853
19428,23207027
19430,23308084
19431,23395680
19439,23281906
19442,28686840
19443,27904311
19445,20764879
19454,25773504
19456,15724396
19457,21064599
19459,25735012
19473,23305614
19476,15790873
19478,18295852
19481,13226173
19482,18336965
19484,18798983
19485,21414439
19488,7938275
19489,20560137
19490,5267365
19491,568645
19492,18712886
19495,21853628
19499,7926569
19502,10049436
19503,17878931
19516,17910611
19517,17199504
19518,11721314
19519,20821111
19521,18705209
19523,7544603
19525,1008231
19527,890143
19531,12813630
19532,18189606
19533,8680278
19534,6584188
19535,7664334
19536,3798703
19537,8563789
19541,9420
19546,12383869
19548,11947829
19549,11861815
19550,94319
19553,136782
19554,2218252
19555,11112619
19556,104378
19557,7736182
19558,1254951
19559,5821978
19560,162085
19561,1210754
19562,11966216
19565,187812
19566,19448
19567,295834
19568,2208744
19570,7199667
19573,5231173
19576,12926132
19580,5135798
19581,227651
19582,669570
19583,8435445
19584,33906
19586,10757806
19587,10505
19588,6460331
19589,6574102
19590,8835379
19593,15703770
19623,376561
19624,30593
19654,15771862
19658,29641
19680,7805
19691,9809
19692,16085481
19709,22725443
19713,251665
19717,25817528
19722,17380041
19723,31548
19726,395182
19733,111126
19734,2615008
19736,11623
19745,9915
19746,49455
19748,2794
19750,703
19761,23569783
19764,392563
19767,5015
19770,24499258
19771,28747
19772,14295
19782,11346
19785,14241
19787,11041
19788,24100
19799,4954833
19806,1297985
19807,428
19820,231
19822,7203669
19824,424
19831,7437
19843,20439328
19853,11686
19854,91767
19856,13031445
19857,703292
19858,233818
19859,46799
19863,17262540
19864,522776
19870,11250317
19873,10869746
19877,286957
19880,270032
19881,6386555
19884,11077
19885,70535
19887,153193
19888,13747
19889,89284
19890,8073
19891,7784
19892,25373
19893,17231
19894,1715
19895,1519
19896,99110
19897,41684
19898,32552
19899,1591
19900,23955
19901,46945
19902,697210
19903,11450360
19904,3609763
19905,7937462
19908,37380
19909,7952502
19910,10128428
19911,319644
19912,385706
19913,385742
19914,537070
19915,8354134
19932,9650
19936,72978
19945,394535
19947,9646
19950,880
19952,47618
19953,47619
19954,47620
19955,47613
19956,37586
19957,45432
19958,114955
19959,84119
19960,27333
19962,14743
19964,84369
19965,65641
19969,373915
19970,34605
19977,30228
19978,2149535
19981,264158
19982,143534
19983,9838
19985,10098912
19986,60431
19987,7821828
19988,12820793
19989,11827808
19990,7913305
19993,107301
19994,13912
19995,9307674
19996,12127750
19997,5356711
20000,148584
20001,131359
20002,12893742
20003,9067850
20004,7005865
20005,59263
20007,71865
20008,6428887
20029,38462
20030,3009435
20031,2371
20034,17150
20061,66933
20062,80369
20064,1295
20068,2458340
20073,98920
20082,355190
20089,142900
20091,588234
20097,13839
20110,17167084
20111,19561922
20120,18465852
20123,7640261
20184,42058
20210,347698
20227,3925836
20229,6114607
20231,97862
20237,21913812
20245,1237300
20248,187633
20263,11389875
20277,17661831
20282,568236
20322,529626
20331,13414594
20338,17232261
20342,254799
20346,15808287
20347,9820
20360,13623012
20396,10680329
20400,9864
20405,50144
20408,4830
20409,4835
20410,12781
20413,7170627
20423,383206
20429,12959233
20438,13538552
20448,9086994
20451,2475251
20461,292408
20467,349929
20474,13508021
20480,248787
20490,460635
20492,77449
20493,68527
20503,1540
20504,89755
20506,7743117
20508,65070
20510,4538
20511,828084
20512,357664
20513,53496
20514,6346975
20516,30474
20517,6402364
20518,10414941
20525,35539
20527,829313
20528,676555
20529,28116
20530,7531
20531,7821447
20534,310459
20535,17162
20536,46787
20537,162719
20538,264
20539,732562
20540,12722468
20541,6174
20542,48834
20543,80176
20544,1866046
20549,261240
20550,6219656
20552,5152478
20559,7006562
20560,11334
20566,13928
20568,17689
20569,10822858
20570,316445
20571,6316171
20575,11198480
20583,13147230
20586,15751404
20588,16113737
20611,18392
20612,8909
20613,6516450
20614,12987640
20615,5890
20616,599
20617,1883838
20618,6728738
20619,11166890
20620,1379961
20621,545951
20622,6138
20623,18525
20624,7090785
20625,121732
20626,6515834
20627,49221
20628,30633
20629,95617
20630,7497897
20631,11422
20632,766020
20649,978098
20652,4652
20658,6344097
20663,201114
20664,114345
20666,99298
20668,3301759
20671,690926
20672,4909
20673,303472
20674,303460
20675,298730
20677,91440
20680,483445
20691,8534799
20692,3585344
20693,6294553
20694,6337006
20695,7098304
20696,2003625
20697,435045
20699,8935153
20700,7121598
20701,29484
20702,12383252
20703,5215879
20704,30225
20705,121927
20707,5186
20719,15803141
20720,18467818
20725,313605
20729,31173
20735,24937
20741,3379
20744,76171
20745,407813
20757,478657
20758,583924
20759,12605157
20761,30120
20763,760168
20764,11045709
20766,2355575
20767,82780
20778,576570
20781,14706
20786,52783
20789,3836
20794,6440
20810,53061
20811,760
20816,3656
20817,2517
20818,1772910
20820,44559
20821,26101
20822,333538
20824,16631
20826,447
20828,275
20836,298275
20837,10033
20838,10031
20847,11438
20855,24965
20857,40929
20870,161415
20871,56466
20872,13360
20873,103610
20875,15158
20876,1846
20878,96593
20880,20983362
20887,18143905
20892,17675031
20894,7135858
20897,7091370
20898,6373717
20900,6609549
20902,6909544
20903,5981872
20904,12813860
20906,11133791
20920,11071466
20921,10947600
20922,22188
20925,13105527
20928,8662836
20929,7187395
20934,296302
20935,9266769
20961,42172
20964,8046680
20967,133486
20968,531350
20969,10428803
20970,61834
20971,319300
20974,25669
20976,3463
20977,5598113
20978,38980
20979,7455
20984,1897
20992,9417
20997,15018
20998,15019
21000,81939
21003,2063563
21004,6345760
21008,100247
21009,99208
21015,85622
21019,639864
21022,816720
21024,13330603
21033,3273
21041,22463
21047,17716
21048,338798
21052,6398972
21063,206195
21064,315519
21074,1162022
21078,368468
21079,301022
21080,12127810
21081,89731
21085,9893331
21086,3047848
21087,3047849
21088,3047851
21089,3047850
21090,1537534
21091,1651302
21092,162089
21093,331920
21096,2508164
21105,180617
21108,45181
21109,3052106
21112,24215
21115,6662883
21116,5289
21119,32636
21121,99297
21135,359
21136,8696
21138,2002
21139,1317181
21146,86658
21154,179565
21155,736131
21157,194366
21158,194373
21161,49540
21162,15638
21164,11084145
21165,49195
21167,86524
21168,208324
21169,86525
21170,2279
21176,299215
21177,16619
21192,154798
21193,991197
21194,769712
21197,10587120
21201,56674
21202,17125
21216,4772110
21222,13533740
21224,13538641
21226,13069213
21228,13127599
21231,13659
21232,13661
21233,13667
21234,13662
21236,13537891
21239,110090
21240,316496
21243,7992363
21248,107896
21249,42661
21251,28923
21252,28921
21260,105703
21261,2202230
21262,156529
21263,79422
21264,184040
21265,156533
21266,82436
21267,82434
21272,1768603
21277,6820
21278,12143200
21288,1171
21289,10395
21290,85431
21291,298137
21292,1848
21293,6687247
21294,6463967
21299,55403
21304,8914
21312,7968243
21314,156532
21316,79426
21317,3918010
21318,16992
21319,22369
21320,77727
21323,3710603
21325,15719
21326,80834
21327,102957
21330,51078
21334,616318
21335,5599692
21337,45195
21340,48037
21342,130440
21354,1524
21355,16640
21356,16204
21363,21060
21366,13569581
21368,25354
21369,20309175
21370,18752959
21375,7963189
21377,7996
21378,13812
21379,38990
21385,185289
21392,13616278
21397,6437061
21401,17399160
21402,17926775
21409,18298225
21415,196764
21422,14942
21423,182381
21429,4708
21434,9475
21435,277191
21436,280277
21437,519048
21441,6261961
21443,18079527
21451,18879761
21452,15819028
21456,2029177
21459,16122163
21460,6443349
21462,427920
21464,45162
21476,272315
21478,1251032
21479,47944
21489,139253
21490,61672
21496,125542
21498,125540
21499,308540
21500,125662
21501,125564
21502,125553
21511,10710392
21512,271199
21522,16043804
21539,7863274
21551,15790883
21560,334123
21562,6408862
21578,448873
21582,37301
21584,8407173
21595,8953
21602,556136
21607,9838800
21613,167216
21620,17312201
21648,13132816
21657,138959
21662,15818333
21672,16178
21682,322351
21684,4758093
21691,24766
21692,9293020
21694,714902
21695,321645
21698,476543
21699,15832932
21711,9464733
21729,11913681
21732,8948
21733,8949
21734,8951
21735,8952
21736,8966
21737,8963
21738,8968
21739,8967
21740,8960
21741,8957
21742,8965
21743,8962
21766,4912
21769,7514925
21771,9424367
21772,13010211
21777,51740
21785,9462812
21788,123106
21790,2358870
21794,6667
21795,6678
21796,6319
21802,1314332
21803,12959086
21817,9266810
21820,7770
21822,87220
21824,35805
21825,9757266
21837,1231511
21838,608906
21839,197457
21840,273512
21841,252938
21842,197459
21843,111021
21844,296942
21845,273511
21846,336245
21847,295086
21848,49006
21849,831194
21850,275000
21851,111332
21854,6665671
21856,4570768
21861,3223761
21862,13546173
21863,13419891
21864,13415554
21865,13565676
21868,6338619
21870,19452
21876,846984
21880,8269450
21895,12425532
21897,7664041
21898,45978
21899,61505
21903,170529
21904,38703
21905,6485421
21906,3165162
21914,139463
21915,439173
21918,7137775
21922,27126
21923,147074
21924,3545387
21925,64854
21926,6853
21927,9439303
21929,23014670
21931,501124
21932,7307795
21937,30512
21941,49350
21949,23164983
21961,18641982
21967,21874813
21977,12867423
21978,20821087
21982,139220
21995,19004663
21997,10054335
22002,18339743
22023,7507825
22025,17908462
22033,12394068
22034,17262155
22035,17707605
22055,23316
22060,15984268
22066,148809
22067,27002
22070,25
22071,24
22074,15701217
22097,6534932
22104,227941
22109,14740588
22118,7090290
22119,5093760
22127,7146335
22130,269795
22134,6202661
22142,6261477
22145,242157
22147,12275680
22148,9639197
22150,4701
22153,50039
22154,24476
22155,86147
22156,46190
22157,597
22158,4271
22160,2159007
22161,6944566
22162,6224826
22163,6834410
22165,2202049
22175,76683
22176,29582
22180,827
22192,22886612
22207,18656030
22213,361081
22218,15810910
22224,30016
22225,175319
22226,7171856
22228,64394
22232,239399
22238,60932
22239,52397
22241,22200
22242,64732
22247,61181
22250,154091
22251,70539
22252,234489
22262,673252
22267,127586
22268,61975
22269,28541
22270,28547
22273,16685
22274,127584
22275,465904
22276,61938
22277,203288
22281,20082
22287,41811
22288,234501
22289,17208
22290,889284
22292,13573419
22296,45244
22310,96594
22313,840278
22314,89186
22321,3980
22322,112292
22324,509784
22325,14498
22338,62571
22339,9647532
22349,8752885
22358,2795053
22360,866136
22362,35921
22374,301538
22375,28691
22377,11306
22378,92121
22380,179033
22381,5367
22383,210329
22390,121581
22393,96472
22394,28695
22396,218427
22397,46654
22402,20417
22404,175516
22407,32559
22412,581125
22414,3464
22415,15925
22416,111218
22417,1375
22423,6687
22424,25346
22425,15595
22426,3685
22427,61549
22428,25051
22429,24384
22430,710969
22433,6023056
22442,65497
22452,261161
22453,95660
22454,95659
22455,95661
22456,95658
22464,22193
22465,47922
22466,22192
22467,37451
22474,73062
22488,93981
22489,228220
22490,232145
22494,1587362
22507,1430213
22509,5453
22518,59836
22526,5452
22527,6541
22528,571555
22530,6427
22533,5454
22534,26506
22542,232123
22543,6537
22544,132336
22545,6539
22546,276877
22557,480570
22558,368916
22559,465226
22567,16278318
22568,18764826
22572,16158508
22573,40496
22574,348225
22575,7742
22577,17465453
22587,159177
22591,15728721
22592,12700306
22593,13536649
22594,9595650
22596,9595620
22605,13020
22609,397456
22610,787660
22613,350065
22621,397860
22622,397867
22642,152402
22644,511614
22649,17490
22650,473623
22651,74998
22653,3090465
22759,481462
22777,94064
22791,9970042
22792,18210706
22793,8680418
22807,563458
22808,397466
22809,7778981
22816,11699349
22824,363851
22834,11469379
22837,5303373
22845,6609764
22849,161426
22859,6512140
22865,318404
22964,18660447
22984,18655937
22990,16056862
23026,18105011
23034,17332564
23084,13282015
23110,10757771
23111,13065327
23114,3238153
23115,16233105
23117,16134551
23124,10295484
23125,138202
23132,16045855
23136,1754206
23139,6642402
23153,5664022
23158,2501453
23160,1476261
23164,7704143
23172,3438000
23174,3243517
23175,8239301
23176,3554772
23178,1220507
23188,2501455
23190,6621287
23220,3331756
23255,318742
23262,80890
23263,88077
23276,46114
23282,59151
23286,18288
23287,159418
23288,12651
23293,128711
23300,18386
23301,17877
23302,17876
23310,101094
23313,42641
23315,13562054
23320,325085
23321,93007
23322,62446
23328,2183
23329,5693
23330,12395
23333,51799
23335,752900
23338,76527
23350,6656
23352,4008
23354,2508854
23355,1431
23356,68591
23357,5607622
23360,16031620
23361,3831279
23362,11995136
23368,5295735
23369,2364284
23371,9666241
23372,3692091
23374,3503947
23375,1428
23398,53639
23400,24796
23401,15954546
23407,158119
23408,2410506
23411,18161265
23427,12546674
23429,11239856
23432,7569223
23433,426775
23439,33729
23440,33727
23441,15803757
23458,25222064
23459,21535019
23460,17733898
23461,13563669
23462,11254250
23463,7823678
23464,6578293
23465,3293821
23466,1809465
23476,15812814
23478,7355137
23479,4935682
23480,1375896
23481,355916
23606,6631792
23607,147865
23624,60220
23629,14865
23634,1466455
23636,73086
23648,373606
23652,42547
23653,112803
23654,10836
23661,73064
23662,73089
23664,73100
23665,73084
23666,7074000
23667,6781956
23668,6070950
23674,9784
23679,31244
23680,10088913
23687,40722
23692,32831
23698,32827
23700,1219103
23731,8694522
23738,25689074
23745,8437379
23746,13580951
23747,10560331
23748,6950688
23774,6818019
23777,25074850
23779,854757
23782,18149927
23787,38619
23791,8419428
23793,2235597
23794,23341607
23799,13402447
23801,22544764
23808,21844019
23815,17675462
23819,13637412
23820,22674493
23821,18170134
23822,14781501
23824,18126198
23834,363752
23835,114145
23839,3491072
23842,18323154
23844,54492
23849,16076787
23861,15729261
23862,14165516
23877,22914448
23904,20316309
23912,2750180
23913,3692151
23918,4488657
23921,11942408
23926,18363068
23934,16081961
23935,341281
23936,5344
23943,21456940
23944,9722217
23945,6642715
23950,20317106
23981,7264206
23982,394228
23996,12022496
23997,8765012
23998,6621101
24042,6614
24045,162898
24046,386286
24047,297249
24049,73960
24050,31168
24052,87280
24057,4813
24066,27297
24067,359770
24073,108385
24074,180426
24080,5509920
24081,7519472
24082,6758331
24083,9394010
24084,8038219
24087,2712967
24088,2498983
24119,3295695
24135,8542839
24142,11738128
24169,6539596
24170,2334751
24171,13136
24172,110444
24173,13137
24174,33668
24175,13132
24176,21445
24177,13131
24178,13162
24179,13147
24180,552894
24181,13133
24182,86424
24183,13130
24184,5575
24185,4110198
24186,13153
24187,13134
24188,3188186
24190,5551522
24191,7156505
24194,6455256
24195,9682816
24196,10399742
24198,78982
24199,2029176
24200,85733
24202,178476
24205,608216
24210,1045757
24213,3181564
24221,240976
24231,26771521
24234,21094993
24240,99894
24247,20697435
24258,18453074
24271,7841446
24275,6613956
24276,105744
24286,149572
24291,16099189
24293,13593526
24297,16791
24302,6692041
24307,2200877
24311,348632
24312,5126859
24314,12002819
24315,4618728
24316,33609
24318,92163
24320,31087
24321,10105
24322,1933181
24323,201345
24324,77276
24330,22915460
24334,24929
24349,41424
24362,34502
24363,4505161
24366,64216
24368,31175
24370,151370
24380,18666006
24384,34507
24395,304
24397,1317696
24408,9792287
24410,48002
24412,15942636
24424,6746018
24427,643301
24428,15645
24429,9835731
24430,15786792
24434,19117
24436,34494
24437,8253
24439,19314
24440,581552
24441,22911
24457,371456
24458,110871
24471,59142
24472,59145
24474,1624
24480,250
24481,249
24503,12857
24504,18521
24533,8710484
24545,18266
24547,53064
24549,122649
24550,79121
24575,15047
24578,302998
24584,88514
24589,120461
24592,26097
24593,28635
24594,26114
24595,28634
24597,4530
24598,4657
24600,88442
24603,11991
24618,143513
24620,79649
24621,87346
24643,4609710
24649,71458
24662,141526
24684,47780
24687,14662
24715,4645
24716,4631
24738,77995
24739,780581
24747,16315
24748,16349
24749,16319
24754,16243
24769,4662
24810,21394850
24823,669780
24837,7824768
24850,18711993
24869,10400407
24870,7119070
24886,2501458
24891,54270
24894,103342
24902,12415695
24916,25817531
24917,27401883
24918,23751850
24919,22609391
24920,414298
24926,603422
24927,153136
24928,46677
24929,98573
24931,5182
24932,202292
24933,226858
24935,132688
24941,40189
24942,9684523
24943,120230
24944,3895
24945,327847
24946,1107001
24947,2176873
24948,5158
24949,116053
24952,77295
24954,4936457
24967,13927
24968,13925
24969,44543
24970,106264
24971,91357
24974,816870
24975,24137
24978,2187270
24979,64895
24987,16307
24995,161887
25000,74812
25007,45220
25009,38262
25012,99300
25016,74731
25017,33453
25018,33459
25032,102920
25067,50937
25069,56452
25080,9593
25082,10909
25084,184655
25089,13157
25092,2731276
25094,3257136
25095,142292
25097,76334
25103,1629007
25105,170641
25106,228534
25109,34295
25110,31106
25124,5175
25135,5190
25139,4984
25142,28212
25145,10911
25161,7015403
25183,191117
25186,201126
25188,29291
25190,824204
25193,773951
25195,232958
25200,1013383
25202,773276
25203,21104828
25208,12037026
25211,23208397
25225,58922
25226,5355136
25232,14096
25245,17934416
25264,18956
25271,849380
25274,24453082
25293,194086
25299,25430584
25302,24819476
25313,770051
25319,16059
25324,15802944
25333,15793165
25335,17383934
25336,25142924
25337,867248
25339,819667
25346,23317538
25347,7468160
25354,37377
25357,56627
25364,7853757
25366,5357
25375,23492613
25379,21853633
25389,22693182
25391,23995231
25393,7078265
25402,225343
25403,18143968
25411,310258
25417,1158967
25437,71776
25438,21531503
25462,18505796
25464,16127237
25465,2873
25481,952
25485,7076706
25495,17286747
25500,875441
25509,8171378
25516,38501
25518,16130291
25524,186190
25537,13547504
25544,7352053
25550,8242117
25560,15705011
25583,342240
25586,13331184
25593,8765
25599,7909
25601,80670
25602,80674
25604,33443
25619,8248
25620,7882
25622,379316
25633,30125
25634,30122
25636,15613
25637,6670
25638,194755
25639,6693
25640,64865
25641,89656
25642,64863
25651,12737118
25665,12752313
25668,12712435
25672,6303733
25697,12482658
25698,10910
25703,41490
25704,170651
25705,154423
25712,12029468
25716,11660590
25717,9592213
25718,10059498
25719,9429531
25723,10211494
25727,37739
25736,10364994
25741,9166559
25752,10209997
25754,11525
25755,15779
25758,6777616
25759,11277218
25764,9296438
25772,748862
25775,164836
25780,31099
25781,9972053
25796,8682579
25806,33808
25809,81176
25810,31098
25812,58822
25813,2198274
25814,7897478
25827,7857195
25832,27252
25849,43352
25850,512475
25851,43357
25852,43345
25853,35354
25854,170619
25855,43342
25856,170650
25857,43339
25860,126807
25865,6080420
25870,4279056
25877,6758423
25883,6287290
25884,6617928
25885,6422680
25886,6464937
25889,170548
25892,34312
25894,41958
25895,41950
25896,41951
25902,16707
25905,227593
25907,31456
25908,6690
25914,6076387
25923,6365221
25931,31100
25939,758153
25942,199687
25944,9615347
25945,118944
25946,1629601
25959,22840421
25982,31176886
26012,28204534
26021,773514
26027,13929
26032,25558608
26043,2454986
26046,25893582
26067,24934065
26099,18806240
26123,18304322
26136,20518872
26141,22504701
26165,13436373
26168,23017947
26169,20898019
26170,22554204
26173,19351043
26178,20701984
26196,22698568
26200,94486
26204,18465566
26210,18659623
26213,21437200
26217,17349163
26221,18225810
26222,207266
26233,20821376
26246,15733851
26251,1238684
26259,22021611
26278,782854
26307,8369681
26310,13513205
26311,40159
26312,40158
26314,11313
26316,24271
26317,44597
26318,222576
26319,24963
26320,11312
26321,12842134
26362,11925514
26404,38333
26405,10431447
26406,72854
26408,295305
26419,343718
26420,9409458
26421,6654313
26424,11873368
26431,1316382
26439,115076
26440,2113410
26456,2449962
26466,366346
26467,46012
26468,366337
26470,143761
26471,233044
26531,6443834
26539,92367
26544,85491
26547,519933
26555,106076
26556,6600137
26624,29610595
26635,18172471
26638,24465724
26796,187124
26809,17406847
26886,9637479
26988,19090384
26993,22062202
27125,20646604
27205,17191012
27311,6691426
27378,71867
27379,82553
27380,71869
27381,71870
27382,71863
27383,71864
27416,282425
27425,282356
27427,781046
27443,6294549
27470,9279734
27475,4570679
27483,171020
27494,3556419
27496,207365
27497,67513
27512,7942786
27533,6329547
27550,285212
27551,5292853
27574,14461
27575,1233478
27579,6479550
27582,10599805
27596,8069535
27621,1126719
27624,23197269
27627,53343
27629,12013
27630,1331653
27633,18007532
27641,98685
27642,18142329
27643,13256064
27644,6891433
27645,3522419
27646,18373214
27647,1991039
27649,2033352
27655,29981
27660,5553
27662,45245
27674,9265891
27677,27
27678,8686068
27679,15823426
27683,1279686
27686,3272165
27687,10538
27688,402093
27690,89195
27693,11691
27694,398323
27716,2978
27722,16170522
27732,43327
27801,24859245
27804,28233082
27847,56073
27849,135611
27853,43877
27858,801178
27864,968403
27867,215631
27868,1219954
27870,33770
27872,5084
27894,4765642
27900,639787
27901,300226
27902,106648
27903,115130
27904,99610
27905,43325
27906,43326
27907,136167
27908,14554
27909,3320520
27910,105578
27911,105576
27915,12191246
27921,11872242
27922,11343348
27923,10808006
27926,10844125
27927,6987558
27928,8437913
27929,7134201
27930,9436746
27931,45169
27932,7510
27945,715834
27946,9489502
27949,7202829
27950,21323
27951,7617119
27954,85321
27956,16431
27957,183822
27958,7134202
27959,10830444
27965,691520
27966,1970449
27978,53168
27979,164719
27980,60229
27983,386372
27988,12948
27989,63432
27990,35816
27992,21618
27993,414895
28001,58098
28012,17375956
28016,96463
28038,12602078
28056,6420
28059,110391
28062,14358
28065,176892
28067,1098486
28068,40317
28069,3507
28070,11003
28071,86663
28072,40331
28082,4507
28083,61926
28084,127567
28087,674220
28091,24790
28092,503248
28093,13521
28168,31538635
28169,31538614
28206,899492
28217,1774836
28240,23731881
28302,272895
28362,73906
28364,58889
28365,104837
28402,59810
28434,16248223
28473,18387597
28506,3873
28520,6919272
28521,13834
28531,765427
28532,3049
28536,3338544
28539,13833
28540,24094
28541,13836
28544,112204
28556,58033
28558,16054811
28559,12204
28574,339026
28578,30324
28579,646462
28580,5557442
28581,19596
28586,93101
28587,132391
28593,171547
28595,141019
28611,3240691
28621,724371
28622,672875
28625,325128
28626,45685
28631,23522
28632,1426
28633,5787
28638,20564
28644,93276
28648,597790
28649,49011
28652,12923
28654,31426
28659,772852
28660,313631
28661,64023
28662,121715
28663,30636
28664,64081
28666,3116205
28667,498641
28668,48758
28669,53834
28670,79428
28671,347656
28672,17343
28673,174834
28674,173526
28675,139855
28676,213367
28677,89375
28678,672493
28679,53817
28681,301736
28684,313620
28688,73186
28706,56728
28707,281512
28758,52309
28786,17994
28794,14376
28840,55030
28845,10669
28852,2467566
28854,11987
28856,781182
28867,1820716
28869,3276637
28870,3028
28875,5472
28876,92508
28879,138684
28880,138683
28881,138685
28882,820480
28883,7027569
28887,221298
28888,671724
28889,330947
28894,407999
28899,12158480
28915,64582
28918,7176578
28922,57727
28923,36064
28924,330944
28928,1911
28929,13658
28934,29393
28975,22543
29004,1270615
29010,18668059
29012,13523061
29015,28257707
29055,35210
29061,13580846
29063,22510983
29085,18079719
29086,13253276
29094,17262236
29097,2161733
29102,13115995
29103,12107925
29104,12107920
29105,11512688
29106,10706120
29107,11198312
29111,12107927
29189,40482
29190,32255
29191,32257
29192,5957702
29193,2095583
29196,32979
29205,6251012
29206,12070846
29207,22076
29208,156427
29209,239810
29221,481335
29222,64949
29224,228221
29225,32443
29226,32428
29227,64960
29229,32426
29230,7830126
29231,2983562
29232,32456
29233,4946005
29234,15746
29235,15752
29236,32446
29237,65948
29238,32441
29239,2029927
29255,7800188
29256,93263
29267,32438
29268,16429
29269,16433
29270,13168
29271,766917
29272,24335
29273,94803
29275,6554
29276,2918374
29277,169848
29278,3586
29279,721012
29289,38505
29296,4516
29297,298230
29306,83346
29326,78960
29330,149196
29336,2932
29339,16248114
29342,388223
29343,7186
29426,4591
29450,44687
29452,24830
29457,975119
29459,83539
29460,35125
29461,77504
29462,61666
29464,46656
29474,189147
29477,8492907
29483,1335019
29492,77505
29493,11289
29495,5479
29498,2120783
29501,12177850
29503,8167094
29739,18739485
29797,17504320
29861,18870159
29877,15767586
29900,84132
29909,15786110
29918,12959045
29922,18630542
29924,395090
29928,457264
29943,23301545
29954,5338
29957,163977
29970,18498569
29977,74532
30021,39926
30031,17650
30032,18003300
30061,6618272
30064,21969786
30068,11741
30072,22836957
30073,6571723
30081,9461872
30163,16012
30164,98413
30165,6218007
30171,23197346
30185,12160906
30186,15842230
30195,7776678
30196,24244
30198,246546
30199,58962
30213,33820
30214,1849
30215,93788
30216,33813
30217,353814
30218,33810
30219,2830067
30222,6528034
30230,137098
30268,54120
30269,2528
30522,38739
30541,409918
30564,47959
30566,47957
30567,47956
30574,11057626
30577,126507
30596,764903
30597,961833
30599,634407
30600,85425
30601,207694
30605,105687
30607,114133
30620,39799
30638,7926242
30791,7252
30932,511527
30935,266765
30996,76867
31020,32504
31033,32506
31042,347577
31044,18431
31049,402015
31050,112675
31063,244572
31074,84777
31125,17478
31157,385255
31162,7728
31211,807968
31217,17487
31270,17488
31285,400412
31309,15101
31318,531421
31353,1337448
31462,39798
31673,28862528
31761,87424
31765,25451555
31821,6493321
31862,31181
31883,15797397
31888,30831912
31901,22733729
31902,330760
31956,15799151
31963,12749
31966,1303
31967,13589182
32015,16200
32054,18635622
32069,66354
32113,3872
32131,117835
32149,33449
32204,6282753
32210,1528410
32222,6055063
32267,3828382
32276,9512985
32279,641604
32298,40470
32329,12543
32330,33514
32348,9865
32354,54984
32388,550454
32401,85987
32413,10412
32415,343881
32422,32527
32424,8701129
32426,15755201
32429,15793074
32435,16061734
32439,13642963
32440,13708346
32450,15957
32455,57951
32457,6678884
32462,11076123
32480,8517008
32483,4201106
32484,8437667
32492,7945049
32494,7853137
32497,7010683
32498,7099389
32505,6021523
32511,6433752
32512,7140754
32517,6495359
32527,3216451
32532,4961048
32536,2833172
32540,1611988
32542,2595138
32547,698
32549,6526
32569,114128
32570,114143
32571,114141
32573,18754961
32574,114152
32575,114188
32576,682153
32577,114203
32578,230003
32579,18527947
32580,16158519
32581,17781
32582,59813
32583,31313
32584,534733
32585,98405
32586,59825
32587,114187
32588,114132
32589,59819
32590,114129
32591,114206
32592,248682
32593,6013511
32594,9410421
32595,59822
32596,59821
32597,59830
32599,86321
32600,116012
32601,26050
32602,26046
32603,12716613
32604,762053
32605,628139
32606,59829
32607,114159
32609,17159011
32610,15734464
32613,7675
32614,268602
32618,9912
32624,10176
32627,113429
32630,7442
32631,89370
32636,415
32647,14028
32649,97390
32651,92143
32657,331256
32661,929782
32663,38180
32666,672948
32814,28859
32950,29975458
33019,136977
33065,175078
33093,28240855
33147,26158341
33149,24041443
33163,25801299
33263,194870
33304,17412188
33305,12617758
33321,93575
33333,23346719
33342,23289469
33542,31312
33559,17726978
33561,20505127
33587,381421
33595,173572
33601,6449551
33602,16045144
33620,10940958
33628,15818278
33749,17568801
33809,48318
33839,17456328
33877,6688087
33890,587666
33902,16158563
33906,17452179
33923,6330323
33958,16248311
33996,10836813
34045,4006
34093,8389671
34120,11010251
34148,15677
34170,5174
34177,219919
34181,132152
34229,9724798
34249,243598
34262,12786
34286,89691
34435,1330324
34444,3419808
34526,13543138
34535,7128341
34571,25403
34608,785454
34679,2227371
34685,5942
34739,22896
34751,815234
34756,12031532
34783,533465
34784,267869
34797,4313522
34798,1734639
34839,2617684
34846,1034605
34847,1693617
34852,14118
34854,1728744
34855,1298205
34856,1298171
34857,1603923
34858,646056
34859,594361
34861,765281
34862,140131
34863,1335184
34869,39542
34882,25347
34888,304079
34889,46201
34906,131830
34912,27298
34942,32525
34943,206731
34945,1605034
34953,33335
34970,1776251
34981,582533
35003,823412
35004,468070
35005,173673
35020,95747
35024,119760
35027,2872
35033,845977
35034,113310
35035,821056
35042,498835
35043,14975
35045,14572
35047,615570
35048,773038
35049,6718608
35050,62212
35051,3870943
35090,9601
35109,4979
35146,6969361
35152,8574333
35153,769016
35154,11505008
35157,261604
35166,44688
35167,44659
35168,645023
35170,673657
35171,616678
35180,286507
35202,46438
35209,28485
35217,28481
35362,22522808
35390,22535533
35429,112756
35430,815150
35431,112752
35432,112755
35433,112754
35440,833710
35458,653711
35464,50750
35465,139417
35466,743599
35632,129619
35633,107770
35660,22693222
35670,26114516
35671,22674105
35677,84847
35681,16158535
35686,1373381
35687,19549841
35688,17899392
35690,18108877
35697,15924
35701,231989
35708,27810589
35712,13495034
35713,7936809
35714,9681098
35716,2761626
35718,15034320
35719,17333227
35724,43330
35725,12615008
35726,7640705
35727,59264
35746,2784
35764,60551
35765,5556466
35787,365990
35810,52258
35811,23929479
35814,16045140
35818,11466
35820,61264
35831,24731
35833,262545
35836,130260
35839,7147831
35850,5933841
35852,25200
35854,2815590
35857,9998
35865,134360
35867,38787
35870,27822
35871,3344411
35873,9654
35876,12039943
35892,254308
35895,55022
35906,5527
35911,10541
35920,227492
35927,293625
35956,162332
35958,11797365
35967,53926
35968,30672
35975,8008928
35979,17810
35982,63032
35986,47730
35992,11711
36009,452244
36019,9799
36020,11395597
36025,4630
36027,394469
36051,298663
36054,5600151
36055,97084
36066,38503
36067,519112
36073,70241
36074,18304
36083,586472
36084,11761
36086,50140
36087,11324
36106,497199
36113,608287
36117,6617185
36118,14316
36119,7194
36130,23885
36131,23884
36132,23878
36134,6389257
36139,23940
36140,682745
36142,32585
36144,53969
36149,50275
36152,23960
36154,23966
36155,527862
36156,23965
36157,7519866
36158,48467
36159,28922
36163,11650
36164,3378
36165,50453
36170,6395833
36171,3717
36173,46227
36174,604635
36178,12551077
36198,12413836
36199,10450750
36209,148769
36214,10893138
36236,4835838
36260,18651980
36275,241387
36292,712807
36914,17905709
37031,6926176
37043,238360
37071,90420
37088,79834
37092,17838528
37125,25666046
37137,44184
37140,26721568
37171,25663717
37173,18296030
37174,31101
37175,25663888
37180,26722820
37182,12820360
37214,792161
37262,25205422
37269,25067046
37351,23846013
37354,23566909
37459,23398961
37498,95619
37603,23014603
37626,23209971
37691,73297
38019,43739
38065,1056627
38101,5168517
38127,389827
38142,125958
38143,65684
38183,268601
38240,390305
38254,1050383
38260,11889938
38261,13593555
38344,15985392
38441,13035050
38577,12926804
38697,206193
38729,13117308
38730,12849385
38752,426030
38758,504420
38759,15791154
38772,9943
38773,289644
38774,35332
38775,11433
38782,7129588
38785,6104943
38816,11256979
38818,40168
38819,1430
38875,46191
38883,612188
38889,129603
38899,226378
38960,174879
38970,9762
39001,6709
39011,6081685
39012,6686671
39026,423156
39027,325421
39028,776407
39029,103159
39030,765811
39031,11908
39032,21343
39033,11391817
39034,228765
39036,60937
39038,826584
39039,7911
39040,62111
39041,91247
39042,93
39043,899962
39044,372638
39045,189182
39046,193093
39047,457762
39048,551876
39050,86856
39055,15014
39063,239509
39065,49322
39066,26123
39068,46674
39069,525488
39070,720298
39071,26329
39072,347852
39073,6452806
39074,180066
39075,12475019
39077,816752
39091,14745338
39101,2798094
39105,15985372
39204,11260526
39206,10
39207,7351574
39208,30259
39216,25733990
39234,12254379
39242,22381326
39243,22055283
39259,18138189
39262,17608111
39263,479561
39268,769658
39271,11275323
39278,37619
39279,416580
39280,429138
39281,10507
39282,17841
39285,104089
39288,17163514
39294,1297150
39295,68528
39296,68526
39303,10618
39304,12891107
39306,13813
39307,149302
39308,13810
39309,110694
39310,189811
39311,587582
39312,371787
39313,42432
39315,884288
39319,116295
39320,2855034
39328,6356190
39330,8785374
39331,7576115
39332,6250169
39333,116296
39334,34492
39335,62530
39336,34501
39337,34511
39338,34534
39339,34503
39340,34498
39341,63720
39342,78876
39343,34541
39344,47990
39345,34532
39346,34527
39347,34508
39348,64218
39349,400354
39350,34529
39351,34517
39352,2442
39353,34510
39354,64217
39355,34499
39356,34506
39357,34484
39358,12017
39359,422452
39360,12009
39361,886066
39374,8447255
39376,4703427
39377,938544
39378,459064
39379,478951
39380,345299
39381,55398
39382,7557548
39383,47989
39384,149847
39385,175983
39387,55401
39388,43916
39395,11350430
39396,11985631
39402,25671861
39403,21853645
39407,24709327
39410,2068
39414,68984
39416,40745
39432,356824
39436,18404285
39440,8034188
39443,198863
39445,634583
39448,73968
39449,84054
39450,113934
39453,14082
39455,9814682
39456,37875
39459,78976
39460,78970
39461,79016
39462,78989
39463,78985
39464,79006
39465,7201
39466,78987
39468,119389
39469,119382
39470,106646
39471,43324
39472,84052
39547,7144426
39581,25877663
39583,23705512
39593,24488476
39611,19674
39612,19670
39613,382549
39614,318525
39641,77786
39704,7203690
39733,12583975
39757,11808919
39763,821611
39764,13425393
39775,4961959
39792,18130
39850,10866233
39947,25809756
39972,20829994
40002,22571275
40028,11445880
40039,474634
40043,5111039
40044,263172
40045,263148
40048,2964700
40049,153783
40050,153792
40051,153781
40052,24093
40053,153782
40054,58894
40055,58893
40056,58890
40057,153779
40059,13829
40060,153800
40064,24431
40067,153780
40104,33726
40105,384457
40106,33732
40133,13580928
40134,10327303
40136,15513156
40140,12075886
40163,9893355
40164,10429037
40166,7415016
40174,6937878
40176,6621143
40179,561403
40182,9462775
40183,3347892
40192,23221
40193,90475
40202,263171
40205,114701
40206,78039
40207,147732
40232,2051840
40240,24019187
40241,11413
40263,8293938
40273,26072609
40292,16158498
40293,6570502
40294,7108725
40372,26025989
40386,184419
40428,56373
40436,8477057
40465,2306910
40519,2845287
40530,33457
40556,4070095
40558,6751
40563,294081
40592,9598
40617,68496
40633,48183
40637,469901
40676,80642
40695,426504
40698,132626
40737,5130
40747,152519
40775,467032
40805,923950
40809,18774981
40854,45974
40862,11709037
40866,23363874
40870,9827912
40872,20257122
40874,248871
40876,13530973
40877,1824
40879,513367
40911,18498558
40914,520738
40937,62032
40962,113205
40968,4485966
40978,6988014
40979,56912
40982,3061
40983,168814
40990,207781
40993,857502
40994,497164
41008,3253215
41036,12021
41060,5159
41073,737957
41075,72536
41084,23013953
41087,9862761
41140,239239
41144,52873
41147,204779
41151,18600
41161,534289
41192,2247142
41201,1662160
41203,543103
41207,222078
41209,682761
41219,81779
41223,1173576
41226,18667307
41231,22207
41248,40067
41266,653396
41278,20663702
41302,233389
41305,198511
41313,9914
41348,5204
41370,202146
41373,522525
41377,5695
41380,226162
41385,14990
41386,4808763
41402,147941
41408,123933
41413,29946
41549,7247854
41557,164723
41575,327242
41585,179735
41594,78408
41606,588747
41607,9998705
41613,7189177
41638,7054123
41644,105760
41647,15654
41651,6404621
41672,5206937
41676,27208
41681,99713
41682,138134
41683,538845
41690,43841
41697,269322
41726,8643407
41753,61915
41756,61899
41757,61909
41758,68483
41759,61904
41760,61906
41761,61903
41762,61905
41776,20329634
41784,7683254
41793,1244286
41857,7528717
41870,969177
41872,4902793
41876,6952423
41878,5571
41903,22886113
41906,18667779
41914,6054449
41915,6696465
41927,11410104
41963,23753
41966,24429934
41989,23675858
42022,18867685
42035,16299991
42043,568476
42047,7673
42051,100933
42052,100924
42053,73385
42054,16066586
42055,17899696
42059,94578
42093,9282
42107,1675216
42109,103815
42110,303454
42123,26131641
42138,23602504
42140,16084702
42141,6466909
42142,6202690
42143,11742691
42146,10196362
42251,6713071
42254,194479
42255,105973
42264,8172
42269,107021
42270,107017
42497,147243
42508,122781
42518,4499669
42535,867387
42559,49824
42566,543339
42567,71771
42582,46544
42586,264778
42587,820956
42590,17334495
42594,5160
42597,4016515
42599,29154543
42607,32505
42608,11082037
42609,49353
42613,15737147
42614,18077875
42639,17143
42643,11337
42648,7822895
42670,13584236
42672,104189
42674,55018
42680,95621
42681,46601
42682,95622
42683,288644
42684,3121162
42695,6697
42696,5055
42698,1434105
42699,40320
42700,40329
42701,6424
42702,6425
42703,6854
42704,6858
42705,6422
42740,17332207
42766,17333302
42823,550940
42824,818372
42825,85737
42826,41701
42827,559889
42828,41704
42829,41698
42830,32807
42831,41710
42832,198331
42833,41706
42834,41707
42835,198332
42840,20886354
42844,21483760
42845,18616975
42848,16280678
42849,227454
42856,18342283
42859,17673271
42865,16071748
42878,184661
42879,7959473
42898,49158
42932,61539
42964,79421
42968,133767
42969,27530
42970,50930
42971,85958
42972,27525
42973,228258
42974,27526
42975,85957
42976,27528
42989,1908456
43003,352383
43036,126066
43043,824062
44307,107773
44308,107789
44519,9305362
44738,107781
44739,891812
44740,192341
44750,763047
44754,835155
44755,22686
44764,73095
44784,226315
44789,38568
45011,72623
45029,84842
45031,7907680
45032,84844
45033,1747182
45106,1176884
45111,420739
45119,5053547
45130,204479
45191,420734
45194,107779
45197,1422250
45198,38562
45209,263149
45211,1422252
45223,227280
46059,8158992
46060,12988016
46208,111306
46217,2309720
46221,8110748
46226,8230409
46239,12042279
46242,7384801
46243,6481245
46244,4769247
46255,6612005
46259,954303
46260,1881621
46261,1157452
46263,6236809
46264,229145
46265,330744
46266,228063
46267,856917
46268,667985
46269,6419566
46270,13570
46271,282282
46272,1087204
46286,13597728
46325,34262
46333,26214866
46362,24937499
46363,22744701
46364,23745132
46387,17287009
46390,752994
46391,261689
46394,6751356
46396,13153693
46406,200963
46407,205821
46410,60929
46417,285500
46422,133445
46484,827685
46487,75162
46500,100322
46506,106393
46507,290039
46512,122211
46521,38548
46533,1301153
46534,85989
46535,85993
46536,93726
46537,93729
46538,93728
46539,439275
46540,93731
46552,3465
46553,10155
46571,6547188
46572,3475268
46573,30260
46574,1225621
46575,30262
46576,30263
46578,646195
46579,967494
46580,10444
46581,17136
46582,37677
46583,270067
46586,141935
46587,502406
46589,1215290
46590,831470
46591,386234
46592,808853
46594,116020
46595,139004
46596,19330
46609,25813937
46612,27161845
46630,1032
46642,18693753
46660,8105569
46661,12547098
46664,7963208
46672,11450591
46677,3268926
46681,9923372
46687,84022
46692,9729504
46695,128756
46707,43993
46711,199531
46716,136081
46727,508903
46731,2967316
46745,998133
46755,128754
46756,128755
46757,128759
46758,281350
46759,128752
46760,128757
46764,181116
46785,6528
46786,430968
46787,80631
46788,80630
46801,31623
46802,6530
46805,7494
46806,33723
46807,154424
46808,26722
46815,297134
46818,22551809
46827,8584913
46832,184850
46844,18667976
46861,181077
46872,9484114
46893,22381892
46896,28374062
46897,644655
46905,161744
46908,30002998
46919,133954
46942,10865206
46943,11104933
46947,18635039
46948,961831
46955,6505109
46956,7981456
46957,18815695
46958,18478222
46959,20801166
46978,209194
46979,207569
46980,116236
46982,23743603
46995,3832
46999,11824
47016,19286669
47017,12878300
47019,51362
47020,16058610
47024,2017056
47026,17834834
47027,207153
47029,108077
47033,8727466
47037,77366
47050,13237327
47053,42369
47058,13170021
47062,9858488
47063,17707603
47065,17287028
47071,15795628
47072,3675828
47073,43927
47074,43928
47087,6871737
47096,300650
47101,10790376
47103,39963
47104,39980
47105,2138727
47108,12171769
47109,8565083
47115,229123
47123,1838166
47124,266904
47125,31242
47126,128940
47136,8720415
47148,89551
47158,11746513
47163,42435
47167,1206073
47171,9583508
47172,7023554
47173,6048530
47185,349129
47220,508413
47231,2292384
47240,6423
47253,217436
47261,119829
47266,1779929
47268,95693
47269,77395
47270,77394
47271,65840
47272,77392
47273,77390
47274,77391
47276,161361
47278,6419
47279,6517407
47295,4618898
47308,99955
47319,56157
47330,747061
47339,625554
47345,381787
47349,80750
47379,231585
47381,5191
47382,5167
47388,232268
47391,138872
47399,792938
47402,170632
47403,237114
47408,571508
47439,16218778
47440,29501
47445,146064
47455,7997069
47462,7908638
47465,124509
47481,76706
47486,425123
47488,6076768
47489,206197
47490,2336803
47491,7520
47492,7313444
47493,40710
47496,7159515
47514,6574542
47516,297186
47519,7164343
47552,3972
47558,92375
47578,93000
47607,92918
47608,317504
47609,589979
47610,28484
47620,32523
47621,84839
47622,65910
47623,32530
47624,32529
47625,2210921
47626,227590
47642,1307
47643,28482
47644,28507
47647,3124249
47652,153175
47653,13809
47654,13811
47655,13881
47656,13878
47657,43917
47658,13815
47659,13817
47660,169959
47661,43908
47662,94299
47694,8356487
47833,24903031
47838,23533039
47840,166580
47870,74928
47873,432020
47874,23686
47875,294963
47876,169875
47877,6944032
47883,17910048
47919,1746470
47920,490403
47921,2992069
47939,500503
47943,77368
47991,26109394
47992,10222
48003,323289
48010,22608582
48014,7636774
48030,241969
48034,10914
48039,425124
48040,21683
48041,21681
48044,6340016
48048,22889767
48062,13497505
48083,26192467
48105,311196
48108,428223
48109,7783920
48122,6335026
48125,687278
48128,434535
48129,13628812
48131,13079
48136,15764
48139,95887
48150,23647129
48158,12540
48180,1055617
48181,481749
48184,596259
48209,323355
48232,227658
48238,179064
48262,434764
48272,623976
48306,215542
48307,13435889
48309,147801
48310,215541
48313,536982
48315,215543
48341,206682
48342,2999282
48343,7469133
48358,17830123
48365,63033
48370,24807
48372,15722284
48373,15797722
48374,152662
48382,18127101
48386,3698
48388,127970
48402,12611073
48419,164531
48457,609035
48567,43255
48574,56634
48579,906560
48581,124524
48598,46755
48608,341027
48611,3097601
48614,16842
48615,139569
48622,85437
48623,303098
48625,98687
48634,67920
48666,953260
48676,20878809
48677,433533
48679,20575411
48688,144349
48713,450836
48717,248482
48718,6407514
48719,248470
48730,7243142
48731,1113545
48743,121809
48753,5217282
48761,17853024
48762,11734251
48763,6489529
48769,7904453
48770,13109291
48771,88071
48772,11801463
48779,126061
48784,7775841
48788,4136
48792,29036
48793,4796
48794,33896
48799,9530
48806,12609
48814,10890
48822,13167847
48835,316558
48859,347143
48870,29486
48872,18505836
48882,10468258
48886,8793878
48888,14759321
48893,4673605
48895,1087075
48900,342667
48901,7039218
48911,605015
48913,7785207
48943,114170
49220,158516
49225,920780
49233,925367
49248,2936415
49289,1429082
49301,411527
49322,6359434
49400,13151637
49470,18039755
49479,2678349
49599,39045
49671,4653511
49729,588369
49734,6604887
49744,6596542
49746,162823
49747,754713
49748,608474
49754,92308
49761,13083008
49773,11359
49788,39796
49796,91571
49803,210834
49805,825576
49806,39801
49807,124272
49808,82356
49873,767307
49888,762134
49956,170618
49966,39795
49967,776159
49969,369110
50006,511240
50025,172732
50059,80616
50064,251762
50071,101911
50076,106882
50084,387749
50110,18505832
50111,25241477
50123,93269
50127,9802372
50130,8459594
50150,8649656
50156,91201
50157,18054175
50161,110388
50162,110393
50163,110396
50165,110386
50166,110385
50167,110384
50174,861326
50179,129617
50180,129621
50185,110387
50191,8476248
50202,609870
50203,300225
50204,43328
50205,22026
50206,22028
50208,613283
50315,18869967
50317,40200
50352,23093367
50357,112525
50513,372319
50514,78950
50537,3579
50546,50033
50580,22327
50582,11324166
50583,28251
50584,28250
50591,45110
50613,28249
50769,289695
50779,42986
50780,128066
50810,7719355
50811,6933876
50819,23299512
50824,20706317
50830,88072
50836,20510241
50839,18500665
50876,44170
50921,393146
50994,9522
50998,20299683
51033,22040598
51041,20559676
51046,6472451
51086,16120760
51088,9355
51094,6471550
51098,20575446
51106,29103028
51127,23460830
51156,5750628
51157,8680417
51162,109520
51181,112751
51206,10378106
51207,9962040
51223,8712343
51224,7831145
51227,5628753
51228,3115070
51229,1830755
51230,458034
51231,215643
51232,8150317
51259,25041504
51261,8874743
51263,15818362
51269,9590
51271,3479967
51272,13374
51274,28239
51275,17645
51278,22304
51322,66470
51335,227729
51339,392217
51343,123598
51354,376613
51367,320167
51368,6531
51377,19747756
51396,13451
51404,5417
51470,13360101
51491,12900491
51541,18089900
51551,21489683
51552,13272498
51555,9578677
51556,2653622
51557,7202831
51558,32254
51559,32258
51571,24761
51600,9065265
51601,7200351
51604,3122173
51630,52318
51646,133906
51674,13030356
51683,8318666
51684,74389
51685,40493
51703,17333171
51789,10785687
51802,287380
51847,13477819
51861,368772
51888,24769
51889,24767
51951,6303704
51959,65113
51972,8281069
51996,10767466
52036,164323
52105,70912
52131,19312
52137,214579
52160,9465845
52161,7182899
52162,6697305
52163,6545536
52164,6393047
52165,6389704
52166,6255144
52203,24812
52308,522534
52376,4692
52379,12043770
52382,12288282
52383,11737271
52388,13148921
52421,284440
52447,72003
52451,93157
52517,15818164
52520,13003565
52745,9526
52747,25855506
52790,270435
52808,8044557
52818,10532477
52819,6566722
52839,6614886
52891,17524166
52935,46815
52942,1819632
52946,7967299
52951,6801652
52960,522471
52961,569346
52967,7619292
53010,10776793
53013,10111087
53020,45369
53034,12782865
53035,10305247
53093,13765729
53216,2992061
53238,498389
53308,10868182
53310,1457790
53311,9606002
53343,20767918
53344,11007587
53414,2230284
53415,93808
53416,106312
53417,142545
53418,28568
53419,142540
53591,30008702
53602,43924
53603,43929
53604,372384
53605,382680
53606,372385
53607,272607
53608,43932
53609,29430007
53708,122756
53857,8702806
53858,8087038
53867,78131
53893,11831
53894,12125
54145,133488
54151,113091
54158,577283
54167,12468
54177,85391
54182,12374
54189,26154406
54192,26827675
54280,27864391
54465,233637
54526,8805443
54528,1689469
54529,241936
54530,241934
54533,14404
54548,8857310
54561,25316313
54609,14744381
54613,2049
54657,4162673
54664,764434
54695,20881071
54696,6413193
54697,84785
54715,16077150
54716,6939939
54768,12527
54770,7073
54771,6323821
54772,4656
54774,199530
54775,31493
54777,37737
54787,659546
54794,576666
54819,86643
54842,3447
54847,39933
54924,107821
54945,129947
54998,332348
55003,32502
55021,2924318
55036,393060
55037,16128105
55070,50051
55112,21720
55113,21722
55114,182012
55115,21721
55116,21719
55120,3018539
55150,18452
55172,16171272
55185,6872
55186,9957
55187,6870
55188,6862
55193,2177236
55194,6681454
55199,18114060
55201,43931
55205,43992
55207,22693231
55214,239186
55243,11279
55261,13530981
55267,32626
55273,761023
55292,51364
55301,12542
55306,14965
55307,15398
55315,25614598
55322,25010281
55333,24911006
55364,10008056
55365,13505130
55371,550720
55382,25114548
55387,23287179
55462,23507745
55607,23503361
55684,6045456
55700,22571612
55705,20587777
55719,18594594
55722,91439
55727,175242
55739,292740
55777,17571466
55860,27397
55868,5180
55869,12598982
55870,773480
55871,857418
55929,17797381
56000,17573684
56206,530793
56208,118389
56211,7779
56212,334286
56213,65217
56218,517188
56221,676737
56222,60935
56230,20413
56233,139254
56235,272264
56237,11553
56238,44001
56241,413158
56256,174403
56259,72929
56266,10875239
56267,76889
56269,15888
56273,30347
56275,21718
56278,911579
56279,858037
56280,420297
56281,774001
56282,789344
56283,34053
56285,563887
56286,19307
56287,821003
56289,194808
56290,920649
56301,243308
56302,1409344
56303,171201
56304,450573
56306,160194
56315,6280379
56323,39664
56324,102733
56335,20727654
56352,76679
56404,30013
56407,47667
56463,25624089
56475,19138879
56489,6255949
56502,105552
56506,17671913
56513,17324
56515,375901
56516,312043
56519,12791521
56522,13223349
56530,7657484
56537,9531
56541,125959
56542,456057
56545,7592279
56546,6348045
56547,5201089
56548,2836109
56549,555500
56551,144350
56552,1814843
56570,6672183
56580,2182780
56581,10889279
56582,440960
56602,9748274
56620,17303
56682,280111
56710,126583
56712,6671
56713,851678
56720,33569
56724,9013
56730,91582
56809,1821571
56811,542414
56812,175004
56813,103983
56814,153795
56815,153785
56816,153784
56822,14069
56825,836611
56826,836607
56827,836606
56832,1087207
56839,66857
56840,34057
56849,2173611
56850,47520
56860,428862
56865,112693
56870,8643220
56873,10604115
56913,7707538
56914,6609864
57248,26599
57413,13227319
57437,25131600
57478,9591398
57589,22540125
57625,31862
57723,36529
57751,5936
57752,11339
57756,34451
57763,14142
57823,3698601
57824,603204
57829,9648
57846,31538647
57858,25813921
57902,23422
57904,46199
57912,30036
57914,15549
57929,1896346
57930,1003761
57937,6081686
57939,475276
57944,393145
57950,253106
57951,877752
57953,3173558
57957,568592
57958,217376
57959,1025039
57960,2880
57961,870
57962,4600
58003,56842
58108,381489
58117,6654104
58146,517344
58150,76179
58151,13507011
58153,922991
58305,14897790
58306,3173125
58309,16033842
58312,7122034
58323,67931
58343,61665
58344,33418
58345,33426
58346,37847
58348,25378
58349,22435
58352,192892
58353,71292
58356,22418
58359,27239265
58409,1931915
58463,25866725
58536,20706269
58541,20797535
58547,18599754
58563,17171909
58565,18404248
58581,2983654
58585,113138
58589,86172
58590,9913
58591,7257982
58595,15811568
58597,825508
58729,9581507
58799,127451
58824,24950845
58874,252999
58875,184324
58876,94813
58877,313256
58878,313263
58879,287633
58919,176788
58920,14014
58921,28760
58922,28734
58923,28759
58943,17285883
58944,13241659
58963,8559047
58987,45106
58988,1593623
58990,6098691
58991,30224
58992,1406197
58993,30226
58994,30243
58995,30240
59002,280125
59003,62479
59004,62485
59005,171471
59006,239105
59007,239107
59008,66676
59009,239109
59010,66683
59011,111023
59012,239103
59013,239102
59014,68418
59017,2747288
59018,13986
59021,147843
59022,4345498
59023,1811543
59024,8087
59063,77281
59071,38169
59088,831829
59105,43070
59116,10907
59129,90192
59130,16900
59133,123845
59158,2983489
59165,34080
59166,32812
59167,19164
59169,12722
59208,7940589
59227,17309
59268,267243
59283,3648
59284,48464
59286,11507
59291,10037
59311,337058
59366,14964
59369,13230263
59385,40526
59386,3313418
59387,6339304
59388,777211
59389,937249
59397,7797874
59400,85392
59408,77477
59428,822989
59431,54529
59443,184657
59445,1268348
59447,14963
59448,6613
59450,178813
59516,124918
59551,43037
59571,688663
59622,87632
59626,1059680
59627,48304
59632,20575440
59699,10882
59736,781844
59764,47559
59854,82751
59895,19156898
59912,7825557
59914,163465
59922,11208
60002,2067
60013,716696
60046,220826
60050,73945
60055,28220985
60056,14781219
60071,24396884
60072,25066991
60087,10503124
60089,12663
60093,4035
60100,9827
60101,390711
60104,148337
60105,74824
60106,3124122
60128,1722717
60129,6584134
60138,2122216
60141,2854962
60143,17206
60144,551536
60145,47878
60146,107670
60148,4415692
60149,1729146
60150,215539
60151,215540
60152,24813
60153,201341
60154,10508526
60155,276287
60211,18079757
60220,15806231
60221,13252406
60222,13007638
60224,7685763
60225,10402992
60226,8315872
60235,6448482
60236,6406018
60252,885744
60303,46908
60373,6542645
60374,5943970
60375,2494204
60376,1158706
60377,210243
60378,238142
60379,238140
60380,238139
60381,129523
60382,238137
60383,238141
60384,238127
60385,109367
60386,762064
60387,102857
60388,268598
60389,213975
60390,89160
60391,172691
60392,74033
60393,201175
60394,74036
60395,238125
60396,132778
60397,268604
60398,238126
60404,6239873
60405,6604209
60407,1566705
60408,3492020
60410,1015311
60422,46906
60545,17182421
60656,515905
60671,105548
60674,197512
60675,949709
60738,545425
60804,40290
60866,14469
60876,18035
60884,296264
60885,7184
60887,158446
60899,11690
60916,99245
61060,12063467
61153,988950
61248,11942639
61494,2743
61497,99296
61498,826585
61499,94807
61500,155106
61501,394683
61502,833549
61503,105999
61543,1747896
61592,190344
61593,74997
61594,17491
61596,76668
61600,8462184
61605,243298
61606,429883
61607,651260
61608,291356
61609,18884
61611,129327
61613,10762697
61618,43915
61640,1051620
61641,1111600
61642,35233
61643,9454
61644,448836
61645,130119
61647,12075
61649,618177
61650,478894
61651,18878
61659,51985
61661,50001
61663,2479827
61664,44660
61665,189802
61666,291354
61668,13630171
61670,18405221
61673,15985373
61677,45234
61687,289601
61693,357636
61768,74270
61893,20883847
61896,11309018
61929,16280689
61936,20980959
61978,13151129
61990,14889780
62016,24870
62018,61974
62019,61958
62020,28553
62025,5171894
62026,92147
62027,294042
62028,2277444
62029,294046
62033,136636
62037,136641
62038,39032
62039,136640
62040,39026
62041,2197227
62042,39028
62043,30068
62044,39033
62045,136637
62046,39031
62047,136638
62048,39030
62056,400906
62057,400881
62066,40293
62071,92956
62075,40271
62076,31357
62077,7968
62078,12040447
62079,552987
62091,10092
62092,10090
62093,10084
62103,2152871
62104,40217
62105,153007
62106,40223
62107,395962
62145,335459
62147,13331199
62219,23157777
62236,13516846
62240,10314376
62246,13337716
62248,13337715
62266,2133827
62349,8725
62394,4332082
62401,53645
62407,265650
62415,1096390
62423,22749994
62451,21423525
62474,18310201
62482,18656006
62515,16532
62522,18209290
62525,9545064
62554,17461
62555,23876
62569,32650
62590,139087
62604,26596
62627,29744
62638,212525
62735,20768868
62766,34310
62782,18282800
62801,2272880
62810,38723
62937,6801614
62989,6193
63005,1237398
63009,249042
63031,16176
63041,35488
63044,55019
63071,18775284
63109,15054
63127,84927
63134,16171259
63135,625094
63138,9804
63156,39916
63172,5368
63180,10739
63225,78728
63229,93426
63231,1362
63232,11366
63235,99944
63258,5932
63277,194618
63321,48862
63331,6609714
63343,8526694
63350,17834904
63386,169331
63430,37100
63455,2267195
63543,1433337
63544,8296
63545,8252
63546,77770
63547,8282
63557,6164358
63568,6566616
63569,224500
63570,1632833
63578,603911
63622,5983694
63623,3276072
63625,7150174
63657,14460
63660,7081
63688,62012
63713,23577
63719,41810
63725,15698479
63899,7389
63904,10065
63959,2095
63975,104159
63976,104160
63977,359375
63984,2331954
63999,6167746
64000,8726744
64004,11580
64005,187049
64015,502295
64017,5061675
64018,22323
64020,40289
64022,52629
64024,34871
64140,17329041
64251,5946
64464,111220
64650,19351490
64704,17797253
65062,25017
65142,18052985
65234,554674
65247,760205
65249,15766776
65255,12926432
65308,2677
65448,134958
65573,114308
65574,133526
65582,125423
65584,138069
65585,781498
65602,9517
65724,820394
65784,74406
65804,25014
65818,764063
65829,6871646
65831,386142
65939,10161216
65974,328802
66113,6634409
66162,774060
66163,107772
66172,16006
66181,38855
66228,9476510
66342,170171
66420,109510
66470,1207904
66489,27213121
66559,168571
66579,17570105
66608,24473465
66615,364089
66629,17331349
66640,7840156
66645,6497645
66656,1178039
66663,18730158
66664,127249
66710,18353714
66740,18990
66741,19001
66742,18999
66745,17333279
66755,17333431
66759,327255
66763,830791
66770,46460
66777,13037558
66778,16130723
66781,109509
66791,2579284
66793,15738951
66803,13573622
66809,10931321
66810,43926
66816,84786
66819,7277715
66820,8045080
66821,93947
66822,85306
66823,14839
66824,627984
66825,204276
66826,15154
66827,10720733
66828,7824997
66830,5509321
66831,4527502
66836,32507
66837,226791
66851,15157
66857,4452257
66859,762563
66860,12687461
66861,10517947
66862,10816297
66863,7932146
66864,9509287
66865,2260637
66866,341553
66867,93797
66870,3410425
66871,8099187
66881,77298
66944,13529055
66953,11734
66954,11229
67062,10775
67091,472025
67115,19083
67119,205218
67133,1566053
67137,29022
67147,31741
67156,1875
67161,3291
67178,385228
67180,51715
67182,381440
67189,6551
67211,18115061
67216,151926
67264,4352708
67299,14905
67356,15732712
67572,4625
67594,6753
67640,11429
67704,127712
67710,55352
67712,7494887
67714,113576
67715,324748
67731,294045
67732,98807
67733,294047
67739,541024
67740,24940998
67752,20821249
67768,7663
67769,1493253
67780,41820
67782,76688
67784,50091
67786,6324903
67788,144773
67789,144789
67790,144793
67791,144792
67792,617526
67793,144790
67886,2879
67887,271264
67891,969275
67893,3581
67894,23419
67920,7993566
67921,7745031
67997,13821
68025,121410
68041,22322
68086,16884
68106,147602
68217,302625
68241,2895896
68267,8592946
68278,22551743
68296,15808816
68299,17707654
68304,16182601
68348,44255
68349,41913
68351,142080
68353,65336
68354,8701960
68355,13259270
68356,1191
68357,3888
68358,129650
68359,411053
68360,5849
68361,18931
68375,47881
68412,5489684
68429,161656
68446,9666812
68491,37738
68522,60925
68560,246225
68567,8089
68571,114982
68591,815158
68632,22417
68635,20821299
68642,101249
68646,70489
68650,233691
68652,24814
68655,7904429
68676,1499952
68682,95608
68683,1022866
68684,78629
68712,17989312
68739,116054
68843,18656055
68866,20454672
68880,127515
68894,17348985
68898,15902792
68899,16131072
68903,10163292
68920,268275
68921,15811495
68924,13112023
68961,18079661
68982,333907
69013,30343
69021,11720382
69025,6193923
69062,13426114
69079,25148
69093,31819
69112,16298
69130,34760
69153,3690
69154,40580
69155,9594
69161,4005
69167,46182
69490,23485372
69492,22341276
69505,22421
69546,99329
69562,119838
69622,24902492
69683,178599
69701,3692
69720,18271235
69730,30658
69744,1627
69747,5872
69772,6694
69773,30292
69778,29802
69779,744615
69784,5989573
69791,53413
69807,29254
69848,169487
69851,4986
69858,73860
69859,18414
69869,160251
69875,21025
69877,5954
70130,4887
70132,46913
70133,47558
70180,381704
70183,2804776
70190,8343444
70212,1376220
70291,1398034
70296,4212386
70297,1242729
70299,1464757
70301,1407874
70302,1362193
70305,6688121
70309,392431
70319,8100288
70336,15752115
70345,11389341
70407,6750
70411,102324
70413,8619814
70434,34898
70441,10954979
70612,537094
70895,10706934
70935,844051
70944,112520
70947,236862
70980,37297
71016,42512
71057,18722887
71075,25613617
71083,23717678
71097,23245594
71103,23346918
71104,20706316
71133,6433344
71148,18453095
71169,18404093
71189,675905
71218,389763
71236,16045078
71267,16000980
71276,9751378
71325,9509289
71406,5981415
71482,8152697
71488,6532496
71494,6674372
71528,197436
71529,251519
71531,152695
71547,4071018
71574,104219
71650,71787
71651,78674
71652,71784
71653,112874
71654,112872
71672,153542
71725,491735
71727,479415
71730,65399
71752,59882
71762,2071575
71804,217433
71835,12331767
71944,579143
71976,153540
71996,714380
72017,35743
72036,851393
72056,11472
72073,15815364
72094,542639
72095,180463
72096,201146
72108,533675
72125,210404
72249,138269
72258,89959
72295,18825
72298,29797
72306,19106
72314,115476
72339,27999
72348,16387
72364,110763
72372,386
72381,206172
72384,6452731
72385,13270
72391,44796
72396,27037
72400,7628
72401,261243
72412,28703
72418,10878
72419,7748
72421,616828
72422,12194
72601,6534132
72708,12065943
73057,18419
73211,228696
73212,716944
73313,1197646
73316,237665
73430,474858
73493,18005
73508,2157243
73543,310272
73566,13531024
73586,13554713
73616,886512
73627,79879
73645,105551
73686,11233988
73847,181601
73854,887201
73860,690955
73877,1908511
73889,225545
73892,6328
73896,138070
73898,906541
73899,490867
73907,667234
73908,132314
73957,981463
73991,334818
73998,122967
74009,1145862
74018,11301
74056,621739
74058,598160
74075,835202
74173,40425
74210,223838
74221,444381
74315,854252
74344,291364
74434,556511
74474,10790276
74503,53498
74510,8142508
74516,25078
74558,6452760
74597,41667
74603,191170
74776,26583370
74784,6426
74785,8205669
74798,3400816
74835,25451852
74844,104088
74845,290628
74847,104086
74850,22055280
74872,7324659
74877,10115852
74908,6393082
74910,102955
75060,1249630
75075,9739365
75077,63689
75079,2530
75097,110890
75186,20662728
75196,428042
75251,169879
75252,169871
75314,295169
75317,785453
75345,394772
75346,537296
75385,87665
75408,562763
75424,6647312
75602,7116709
75615,24408
75727,7531478
75753,825081
75797,65091
75801,420404
75806,239381
75808,731804
75811,36638
75815,16055
75825,826582
75857,122125
75905,845403
75965,6202556
76001,396266
76017,239388
76107,53580
76128,900070
76154,1000751
76226,773606
76247,8646
76275,837501
76276,835495
76289,201138
76293,846066
76342,525995
76344,16076
76361,15050
76366,633270
76375,7797
76391,17533
76392,14570
76449,64860
76450,64862
76451,169211
76452,643962
76453,102525
76454,410445
76455,262229
76456,380976
76457,142079
76458,10852027
76459,64857
76497,52471
76616,64864
76619,643974
76620,380975
76621,257990
76624,262228
76644,97875
76856,89884
76865,122212
76949,4660
76989,11266880
77052,96082
77053,166101
77088,16071736
77105,643988
77149,657371
77158,18869970
77199,18892
77230,34548
77250,579696
77321,989313
77349,2693801
77353,20685373
77385,181886
77390,4699575
77395,102458
77425,74256
77458,789559
77459,160988
77461,407429
77477,18580
77482,7025086
77509,4633
77515,13167062
77516,38030
77520,56066
77533,15557
77536,2251306
77543,68530
77544,68531
77545,3276012
77551,105549
77575,7987
77577,7981
77579,7999
77580,7979
77581,7983
77582,201342
77583,7998
77584,7993
77585,15559
77586,92846
77587,15560
77588,1116393
77589,6324090
77639,15954540
77676,3090282
77678,19552
77686,11306337
77690,31314
77700,53200
77703,2094
77705,56913
77706,3885
77707,1127996
77709,3882
77710,120231
77711,1009996
77712,2815949
77713,1192
77714,7769
77715,206962
77716,1129315
77725,342994
77727,331701
77728,722864
77729,231821
77730,17529
77734,598159
77735,327194
77736,437885
77737,299384
77739,1563413
77740,1350249
77745,894072
77746,1422926
77747,1001896
77748,13235
77751,275245
77752,119239
77759,24475
77760,17934385
77761,13193855
77765,114683
77766,2474084
77767,10909804
77798,17977
77833,6194
77843,406373
77850,10009
77862,68811
77863,22904
77866,85679
78092,15799936
78143,89369
78153,171001
78251,89190
78327,182496
78329,376514
78332,218467
78334,59091
78335,896622
78339,117047
78340,160830
78341,56454
78360,930612
78369,74821
78390,542752
78420,3673357
78421,60057
78470,203220
78548,93371
78555,1624920
78565,28483
78770,23031
79131,23426
79239,9260507
79257,5396496
79270,169718
79286,3106441
79360,10765
79379,31979
79470,161846
79484,161275
79500,3858
79502,19661
79532,216048
79562,126151
79743,21420473
79991,562930
80022,958277
80043,16081202
80045,17228280
80070,443540
80073,47345
80102,159964
80105,7199
80534,3300
80702,300905
80711,21031
80724,326272
80758,119
80759,36
80852,22402972
80878,13063
80904,294430
80931,23012475
81166,10473214
81339,16169737
81628,9798177
81668,235127
81719,4224060
81883,13064
81912,7696135
81915,16071701
81922,2865944
81923,770040
82011,315882
82074,37187
82180,417524
82181,348489
82184,417780
82186,7268995
82210,208146
82215,1918702
82220,608601
82258,8879121
82265,590552
82301,97860
82315,825377
82316,9677870
82320,839263
82344,10131648
82353,7926
82361,89399
82374,40923
82378,145397
82393,858514
82394,635083
82403,13067
82407,46349
82419,18553
82422,310146
82423,598117
82427,426625
82434,682793
82440,12659
82451,444347
82456,3240483
82458,96081
82467,269386
82469,10803806
82470,13060
82479,9597
82495,18728
82525,294043
82532,2025787
82536,655601
82537,828483
82538,1303564
82539,1291211
82540,1166131
82590,18090150
82669,104101
82682,91017
82726,5558786
82738,23245587
82752,10374638
82795,133241
82822,10594929
82833,351023
82840,6596547
82857,161099
82858,543086
82886,331695
82887,38743
82895,73864
82901,97632
82936,2176735
82945,17567
82955,48974
82958,199532
82977,5181
82980,110692
82994,8533018
83028,2223324
83140,823411
83177,17174
83199,321545
83322,33455
83364,55354
83392,4599
83394,6559316
83420,13350
83430,76661
83456,5845
83458,5809
83471,20563
83473,14680
83476,229432
83640,429024
83722,6403690
83728,56919
83868,17727276
83869,51606
84016,5048174
84131,1365225
84139,96259
84155,19797
84189,23289
84280,17158513
84335,122574
84341,95643
84438,15793068
84530,1967070
84858,54620
84864,577542
84892,11099729
84947,99218
84948,20252
84949,20253
84952,761575
84955,20249
84970,1070527
85015,817791
85075,857501
85088,13027304
85124,23714544
85144,20871704
85195,87745
85242,2642070
85263,126185
85290,352262
85337,77161
85347,16360
85449,243601
85484,9864913
85486,15733523
85496,19427193
85502,4950
85541,105986
85574,841628
85576,295132
85604,13062
85611,16696
85708,13707738
85786,19101283
85790,131304
85815,70420
85851,45260
85946,262731
85958,186669
85974,4924862
85999,77160
86003,4373
86027,181206
86044,101255
86046,2368
86049,4059448
86050,8255917
86063,27398
86094,1833852
86319,23398806
86336,25337081
86387,6630751
86389,91989
86391,244102
86393,22886868
86428,22571696
86448,20499240
86491,9329354
86506,8320534
86543,228990
86544,22875
86545,228992
86614,280366
86714,89165
86715,459386
86722,33144
86750,1025250
86831,20803953
87013,8964
87222,1717890
87344,985386
87377,6261270
87474,484167
87547,8539798
87548,6735082
87555,824763
87558,696177
87766,568454
87769,439363
87775,229149
87812,8163161
87865,1753714
87873,15655
87893,1011359
87895,1087205
87953,452157
87962,625603
87972,133017
87976,313998
87990,22358
88450,125502
88631,27419654
88784,7980
88800,7130616
88808,22571699
88932,129510
89005,62233
89033,18800655
89054,77739
89055,77738
89056,504369
89057,7438179
89058,3437328
89109,29397
89152,190999
89187,89184
89193,77735
89194,112518
89196,77736
89503,153865
89511,25053
89512,25052
89513,934700
89739,19095025
89745,3359940
89751,17903381
89815,44133
90144,17333174
90145,25817493
90244,20894857
91411,216304
91413,2142
91416,833253
91422,260791
91438,92371
91487,13066
91490,15762186
91510,5179
91518,17910544
91560,11544421
91604,420496
91605,15561
91608,34988
91609,15566
91610,15568
91611,92855
91612,34919
91685,891671
91714,12448
91743,764165
91744,25489012
92120,13125234
92288,5752
92316,20705702
92344,17999892
92346,1823
92359,22420
92447,105920
92559,7296271
92635,15096257
92642,682920
92789,24480276
92794,50695
92798,158141
93691,58314
93727,11449
93761,53447
93789,7011225
93826,61266
93867,133729
93985,71984
93999,13074
94013,40136
94014,4122
94026,4898
94027,33293
94040,2159
94100,116445
94104,42696
94172,80449
94221,16634
94582,3342764
94645,613991
94676,28248
94694,147844
94863,44399
94864,441618
94867,42631
94875,946899
94877,74169
94878,838917
94978,17158532
95035,353342
95069,730501
95072,300044
95076,236056
95098,1048645
95106,52872
95116,6159
95136,20995
95195,31140847
96012,17254035
96310,2372
96334,49251
96382,94799
96391,840163
96454,17961
96469,367802
96525,436806
96542,20821159
96670,391724
96688,70561
96845,10867
96892,179174
96895,87425
96975,28959148
97026,280410
97032,16256798
97034,19534
97036,12204857
97049,106590
97052,6966823
97160,4921
97285,17717
97325,22175
97429,3304
97442,28700
97478,39792
97479,52415
97500,171624
97615,149621
97819,129620
97944,59889
97958,59887
97959,457457
97960,278102
97961,82817
97988,99111
98025,73051
98100,16248196
98141,62103
98145,15733346
99132,107783
99471,648194
99543,8515
99549,21027
99721,296125
99731,123170
99742,44360
99755,245700
99756,73184
99836,514210
99855,19793
99991,208036
100214,828387
100239,1990
100244,3762
100257,140345
100259,95395
100260,102956
100261,102954
100262,102958
100340,6694937
100370,31337
100399,7907782
100410,10506
100440,141077
100708,18799585
100724,18982011
100806,2430
100834,25790
100974,128092
101000,4005310
101006,821000
101012,782580
101016,67863
101018,95707
101019,783127
101022,26324
101024,15852
101025,64794
101028,78250
101029,6506085
101031,13414599
101036,16277248
101043,290882
101045,1275105
101046,826583
101047,1296415
101049,120840
101051,342637
101052,276289
101053,203805
101054,7780
101055,10836810
101056,567616
101134,287655
101141,80672
101158,539282
101233,11777020
101235,82397
101370,8745
101471,24961498
101552,10518423
101658,129237
101720,49176
102082,107664
102105,18090061
102152,21530229
102190,18282915
102305,77398
102452,343614
102489,51370
102506,87264
102564,52823
102576,81903
102668,141828
102705,817199
102789,11318
102838,74034
102845,36058
102858,43049
102862,481743
102868,91203
102942,20426917
102966,1372055
102967,5292173
103610,19286674
104017,23196
104083,148821
104131,291
104132,5062
104228,9712341
104262,7005479
104312,5068
104325,32987
104339,8483233
104345,35476
105203,10537195
105204,7955881
105208,6277410
105306,201145
105360,363973
105466,867650
105476,196951
105509,833550
105648,267972
105678,14480
105680,279692
105681,765193
105683,14403
105687,765148
105688,820273
105692,36071
105702,94804
105703,84525
105710,527744
105719,10659536
105720,121792
105723,24494
105726,489972
105728,682751
105983,4769651
105984,2073686
105985,668710
105986,112879
105987,176326
106029,166562
106075,6311614
106091,174845
106153,7701275
106520,8492
106521,183092
106562,275247
106636,16333
106662,351559
106709,3710
106787,37298
106804,18232495
106809,18045473
106841,8411749
106882,16951
107067,25693079
107084,7914058
107221,54666
107250,25307
107350,825
107354,239917
107355,116982
107356,359581
107511,116356
107837,336161
107858,7785
107859,28351
107872,28686830
107989,23215469
108352,6054190
108394,12081467
108406,2141830
108407,11104030
108557,8286216
108558,136642
108703,1503274
108711,95602
108739,22680
108740,56594
108749,155712
108763,81959
108829,7736086
108883,56353
109014,72657
109089,395220
109096,292275
109788,7828781
109995,107774
109996,107778
109997,107776
110223,29632984
110352,27207654
110509,22131009
110593,71622
110715,49250
110757,13538992
110761,8
110776,14367051
110839,98
110984,24473763
111165,129616
111474,12119529
111498,132609
111541,1170158
111632,94798
111633,615921
111634,797094
111639,1081560
111662,16697
111715,432
111771,388018
111772,77661
112046,31331
112047,31341
112174,23214408
112313,8113344
112315,7261549
112316,4893390
112552,15673
112612,12019355
112629,41502
112813,1809175
112925,13202092
112936,914211
113208,13065
113289,31795
113295,17167572
113398,5552
113469,17383994
113671,153492
113701,4364
113724,360562
113831,328907
113850,231560
113853,11996019
113933,8579016
113965,68521
113966,68524
114065,25657
114141,17934521
114412,13547234
114436,137792
114674,342504
114705,462684
114926,20438825
114936,13051316
114941,11970096
114989,15836
114990,77866
115032,621
115312,40471
115465,129798
115495,820517
115624,17262206
116050,225774
116051,159582
116204,25176
116205,6224895
116269,9366879
116442,209966
116459,16982
116615,7701043
116691,6433836
116832,599090
116896,1149440
116935,1891296
116936,312050
116997,209631
117013,920143
117039,2505836
117048,244383
117069,49245
117489,24961531
118182,153866
118230,1031461
118305,27423283
118367,18337259
118445,24903919
118603,4987
118876,21433251
118926,974122
118955,751635
119055,31157
119249,8139321
119369,13547289
119466,9635657
119467,8274537
119595,7505716
119691,294044
119735,325416
119951,8732
119966,129984
119997,207802
120805,144791
120887,133430
120945,60142
121001,13061
121046,5556595
121516,109499
121664,824318
122151,16150119
122314,11981168
122419,8593026
122485,68985
122507,95708
122509,434229
122515,26661
122652,130916
122668,7897620
122706,3334563
123232,164542
123248,141372
123317,112517
123363,20620995
123383,17794657
123420,16248139
123452,18228202
123498,595822
123522,359463
123545,22009741
123582,21518679
123614,13545345
123701,827497
123774,4261
123875,15824358
124041,4820
124045,896623
125957,6345193
125972,762288
126123,6907672
126124,21796
126249,261083
126262,531197
126647,630621
126651,106859
126804,219499
126968,216377
127022,116257
127023,822
127177,52367
127240,13152668
127249,246468
127713,22326
127715,364550
127759,107172
127857,7894870
127894,106124
127909,102461
127912,31975
127913,102459
127931,103111
128075,2249196
128234,759960
128236,31342
128267,180930
128294,16300
128363,891593
128416,493455
128450,22027459
128504,16065538
128525,22474626
128526,22454958
128527,22457201
128580,31334
128604,93453
128606,112200
128609,181400
128612,543505
128614,95144
128617,14481
128618,988170
128643,21535784
129003,82991
129029,22321
129204,285011
129257,182683
129258,11432
129259,11436
129260,11430
129275,8765461
129393,59780
129804,31333
129816,37304
130032,205330
130713,6922622
130829,6878614
130881,1767779
130885,615233
130886,48811
130950,350684
130977,298816
130985,125190
131000,6474550
131537,13489517
131863,42909
131975,22411
131976,37300
131978,85310
131979,14785
131981,37302
131982,216131
131983,168569
131984,37296
131985,37303
132120,460717
132175,11031
132186,17768
132191,8755555
132197,7717482
133385,36076
133504,866222
133982,18687079
134004,6449422
134362,1499340
134668,824508
134690,97408
135506,9440324
135517,420278
136121,438024
136126,6464094
136127,9528186
136236,140524
137314,11605
137628,1211904
137681,42691
137682,426825
137683,42692
139426,893731
139459,364826
139462,53809
139478,106131
139866,11851522
139923,58547
140172,5481
140289,52588
140341,13096848
140342,5199185
140482,82888
140733,12413949
141664,232577
142343,17688
142352,56899
142368,5697
142372,11446
142465,18422
144011,645180
144336,16170625
144415,3157876
144660,106129
144661,227778
144698,6765740
144724,313267
144918,43081
145160,5053
145386,4102763
145825,17835351
146073,377425
146086,981161
146146,606818
146288,96642
146289,900
146729,22995
147009,702539
147301,348564
147362,257257
147379,48697
147513,13105
147609,5031805
147721,905885
148187,18263725
148845,45967
149152,419083
149818,84552
149906,192888
150262,25153134
150272,541341
150473,7062
150629,40313
150713,21219083
150736,24611425
150786,22609080
150823,19688
151193,20803962
151289,129618
151489,22874559
151618,142395
151978,11256293
152252,7145565
152342,29948
152729,22027055
152962,16148398
153059,296298
153421,56480
153653,289029
153759,2350129
153809,67657
153811,852460
153812,24019
153823,5291189
154107,666758
154254,828015
154362,8112318
155103,128048
155154,535494
155472,1062516
155588,335397
155751,734542
155833,255458
155899,12661
155908,158944
155946,119247
156692,359461
156693,370057
157740,6791212
158720,895886
158784,543873
159467,7723797
160894,34941
160908,15743078
161856,653559
162292,25507925
163926,23281640
164012,541920
164013,28899
164074,68452
164075,68455
164076,1876770
164077,1128437
164078,68453
164079,68458
164083,5052
164500,23357188
164571,70487
165290,17255186
165636,10677213
165750,55095
167641,19030845
168639,3080212
168780,790171
172593,90078
173639,224410
174397,721003
175321,175113
175695,8257435
175696,432283
175708,5941079
176021,20820995
176058,18667817
176072,16158527
176098,9925913
176099,7713965
176101,9440448
176102,13093001
176103,825509
176123,18420
176234,107029
177804,12839
178350,7942008
178535,43780
178902,280240
178903,327246
179221,13041934
179969,918789
180578,18889
180662,1667423
180677,1300350
180678,994156
180679,1421046
181094,22469
181339,61794
182149,26061591
182180,16130986
182399,72148
182789,4566934
184426,402017
185032,13151283
186022,41689
190420,6606855
192776,265264
193852,8570787
195403,16074748
195513,11821514
196040,12073
197821,772976
199499,55229
199514,1207980
201946,21873331
202181,8428984
202398,1105093
205287,2324124
205995,29925715
207128,17557143
208334,7521400
209037,72855
209833,23875
209916,60080
212141,12675109
214220,134353
214558,294613
214565,17339590
217942,284698
219777,23745189
220067,4634266
220180,78972
220181,78971
221959,17985262
222084,5883777
226137,7011879
226340,13235689
233894,13722526
234147,714711
236066,24631990
238063,584637
239213,19049
241941,155370
243452,7746259
243753,8724779
250385,13068
253600,244115
256606,7140220
257192,892295
260437,7707
261523,556629
264072,383196
267481,22319275
268712,20318201
278611,1153709
283812,105189
288952,7278837
290370,265205
293097,1653655
293100,394841
295044,7150178
296376,901680
296739,165053
304404,2915
304767,46292
304918,30314465
307147,65633
308555,825473
310093,184644
319956,17667452
327450,43797
344020,6441654
344194,15728921
345155,74862
348803,8346300
348824,76248
353147,899608
353671,192510
359817,5103512
409658,18607805
456836,27868677
486488,18108795
493580,1099097
494694,7905977
503089,24938
565236,8229399
627358,17401198
658373,9529502
1140741,22931009
